user_id,username,full_name,email,password,course_join_code,course_title,enrollment_status,persona,starting_rating
stu_fte455_001,aarav.sharma.fte455.01,Aarav Sharma,aarav.sharma.fte455.01@gateway-sim.edu,GateSim#FTE455_001_1syuh1,FTE455,FTE455 - GATE DA Adaptive Readiness,ready_to_join,steady_improver,1331
stu_fte455_002,priya.verma.fte455.02,Priya Verma,priya.verma.fte455.02@gateway-sim.edu,GateSim#FTE455_002_1137wt,FTE455,FTE455 - GATE DA Adaptive Readiness,ready_to_join,fast_but_careless,1504
stu_fte455_003,rohan.chatterjee.fte455.03,Rohan Chatterjee,rohan.chatterjee.fte455.03@gateway-sim.edu,GateSim#FTE455_003_1l0r28,FTE455,FTE455 - GATE DA Adaptive Readiness,ready_to_join,slow_analytical,1389
stu_fte455_004,ananya.nair.fte455.04,Ananya Nair,ananya.nair.fte455.04@gateway-sim.edu,GateSim#FTE455_004_1e8s75,FTE455,FTE455 - GATE DA Adaptive Readiness,ready_to_join,volatile_practicer,1449
stu_fte455_005,vivaan.patel.fte455.05,Vivaan Patel,vivaan.patel.fte455.05@gateway-sim.edu,GateSim#FTE455_005_17q4gq,FTE455,FTE455 - GATE DA Adaptive Readiness,ready_to_join,remediation_responder,1436
stu_fte455_006,sneha.joshi.fte455.06,Sneha Joshi,sneha.joshi.fte455.06@gateway-sim.edu,GateSim#FTE455_006_17s3jv,FTE455,FTE455 - GATE DA Adaptive Readiness,ready_to_join,steady_improver,1335
stu_fte455_007,kabir.menon.fte455.07,Kabir Menon,kabir.menon.fte455.07@gateway-sim.edu,GateSim#FTE455_007_b461aj,FTE455,FTE455 - GATE DA Adaptive Readiness,ready_to_join,fast_but_careless,1399
stu_fte455_008,meera.gupta.fte455.08,Meera Gupta,meera.gupta.fte455.08@gateway-sim.edu,GateSim#FTE455_008_1jorey,FTE455,FTE455 - GATE DA Adaptive Readiness,ready_to_join,slow_analytical,1503
stu_fte455_009,arjun.malhotra.fte455.09,Arjun Malhotra,arjun.malhotra.fte455.09@gateway-sim.edu,GateSim#FTE455_009_1l9jcu,FTE455,FTE455 - GATE DA Adaptive Readiness,ready_to_join,volatile_practicer,1634
stu_fte455_010,isha.iyer.fte455.10,Isha Iyer,isha.iyer.fte455.10@gateway-sim.edu,GateSim#FTE455_010_u07rx9,FTE455,FTE455 - GATE DA Adaptive Readiness,ready_to_join,remediation_responder,1478
stu_fte455_011,karan.khan.fte455.11,Karan Khan,karan.khan.fte455.11@gateway-sim.edu,GateSim#FTE455_011_k6ffn0,FTE455,FTE455 - GATE DA Adaptive Readiness,ready_to_join,steady_improver,1622
stu_fte455_012,nisha.bhat.fte455.12,Nisha Bhat,nisha.bhat.fte455.12@gateway-sim.edu,GateSim#FTE455_012_1utoqe,FTE455,FTE455 - GATE DA Adaptive Readiness,ready_to_join,fast_but_careless,1614
stu_fte455_013,aditya.reddy.fte455.13,Aditya Reddy,aditya.reddy.fte455.13@gateway-sim.edu,GateSim#FTE455_013_lep0wi,FTE455,FTE455 - GATE DA Adaptive Readiness,ready_to_join,slow_analytical,1335
stu_fte455_014,sara.mehta.fte455.14,Sara Mehta,sara.mehta.fte455.14@gateway-sim.edu,GateSim#FTE455_014_1mw5gf,FTE455,FTE455 - GATE DA Adaptive Readiness,ready_to_join,volatile_practicer,1591
stu_fte455_015,dev.pillai.fte455.15,Dev Pillai,dev.pillai.fte455.15@gateway-sim.edu,GateSim#FTE455_015_1grsn6,FTE455,FTE455 - GATE DA Adaptive Readiness,ready_to_join,remediation_responder,1694
stu_fte455_016,tanya.kapoor.fte455.16,Tanya Kapoor,tanya.kapoor.fte455.16@gateway-sim.edu,GateSim#FTE455_016_1sjc2k,FTE455,FTE455 - GATE DA Adaptive Readiness,ready_to_join,steady_improver,1546
stu_fte455_017,rahul.das.fte455.17,Rahul Das,rahul.das.fte455.17@gateway-sim.edu,GateSim#FTE455_017_22loda,FTE455,FTE455 - GATE DA Adaptive Readiness,ready_to_join,fast_but_careless,1392
stu_fte455_018,kavya.agarwal.fte455.18,Kavya Agarwal,kavya.agarwal.fte455.18@gateway-sim.edu,GateSim#FTE455_018_y7mimt,FTE455,FTE455 - GATE DA Adaptive Readiness,ready_to_join,slow_analytical,1457
stu_fte455_019,neil.bose.fte455.19,Neil Bose,neil.bose.fte455.19@gateway-sim.edu,GateSim#FTE455_019_19jjad,FTE455,FTE455 - GATE DA Adaptive Readiness,ready_to_join,volatile_practicer,1373
stu_fte455_020,pooja.rao.fte455.20,Pooja Rao,pooja.rao.fte455.20@gateway-sim.edu,GateSim#FTE455_020_80r7cw,FTE455,FTE455 - GATE DA Adaptive Readiness,ready_to_join,remediation_responder,1603
stu_fte455_021,aarav.sharma.fte455.21,Aarav Sharma,aarav.sharma.fte455.21@gateway-sim.edu,GateSim#FTE455_021_9lj58h,FTE455,FTE455 - GATE DA Adaptive Readiness,ready_to_join,steady_improver,1455
stu_fte455_022,priya.verma.fte455.22,Priya Verma,priya.verma.fte455.22@gateway-sim.edu,GateSim#FTE455_022_1hd51l,FTE455,FTE455 - GATE DA Adaptive Readiness,ready_to_join,fast_but_careless,1495
stu_fte455_023,rohan.chatterjee.fte455.23,Rohan Chatterjee,rohan.chatterjee.fte455.23@gateway-sim.edu,GateSim#FTE455_023_1urjcv,FTE455,FTE455 - GATE DA Adaptive Readiness,ready_to_join,slow_analytical,1723
stu_fte455_024,ananya.nair.fte455.24,Ananya Nair,ananya.nair.fte455.24@gateway-sim.edu,GateSim#FTE455_024_kaqdp0,FTE455,FTE455 - GATE DA Adaptive Readiness,ready_to_join,volatile_practicer,1691
stu_fte455_025,vivaan.patel.fte455.25,Vivaan Patel,vivaan.patel.fte455.25@gateway-sim.edu,GateSim#FTE455_025_51z38l,FTE455,FTE455 - GATE DA Adaptive Readiness,ready_to_join,remediation_responder,1510
stu_fte455_026,sneha.joshi.fte455.26,Sneha Joshi,sneha.joshi.fte455.26@gateway-sim.edu,GateSim#FTE455_026_a2jhay,FTE455,FTE455 - GATE DA Adaptive Readiness,ready_to_join,steady_improver,1583
stu_fte455_027,kabir.menon.fte455.27,Kabir Menon,kabir.menon.fte455.27@gateway-sim.edu,GateSim#FTE455_027_cikszn,FTE455,FTE455 - GATE DA Adaptive Readiness,ready_to_join,fast_but_careless,1546
stu_fte455_028,meera.gupta.fte455.28,Meera Gupta,meera.gupta.fte455.28@gateway-sim.edu,GateSim#FTE455_028_1og8e2,FTE455,FTE455 - GATE DA Adaptive Readiness,ready_to_join,slow_analytical,1418
stu_fte455_029,arjun.malhotra.fte455.29,Arjun Malhotra,arjun.malhotra.fte455.29@gateway-sim.edu,GateSim#FTE455_029_hau9ft,FTE455,FTE455 - GATE DA Adaptive Readiness,ready_to_join,volatile_practicer,1687
stu_fte455_030,isha.iyer.fte455.30,Isha Iyer,isha.iyer.fte455.30@gateway-sim.edu,GateSim#FTE455_030_1tsoxm,FTE455,FTE455 - GATE DA Adaptive Readiness,ready_to_join,remediation_responder,1516
stu_fte455_031,karan.khan.fte455.31,Karan Khan,karan.khan.fte455.31@gateway-sim.edu,GateSim#FTE455_031_1vw0ie,FTE455,FTE455 - GATE DA Adaptive Readiness,ready_to_join,steady_improver,1695
stu_fte455_032,nisha.bhat.fte455.32,Nisha Bhat,nisha.bhat.fte455.32@gateway-sim.edu,GateSim#FTE455_032_kd2n0x,FTE455,FTE455 - GATE DA Adaptive Readiness,ready_to_join,fast_but_careless,1420
stu_fte455_033,aditya.reddy.fte455.33,Aditya Reddy,aditya.reddy.fte455.33@gateway-sim.edu,GateSim#FTE455_033_1dn17i,FTE455,FTE455 - GATE DA Adaptive Readiness,ready_to_join,slow_analytical,1486
stu_fte455_034,sara.mehta.fte455.34,Sara Mehta,sara.mehta.fte455.34@gateway-sim.edu,GateSim#FTE455_034_18pjxn,FTE455,FTE455 - GATE DA Adaptive Readiness,ready_to_join,volatile_practicer,1664
stu_fte455_035,dev.pillai.fte455.35,Dev Pillai,dev.pillai.fte455.35@gateway-sim.edu,GateSim#FTE455_035_1elf7c,FTE455,FTE455 - GATE DA Adaptive Readiness,ready_to_join,remediation_responder,1495
stu_fte455_036,tanya.kapoor.fte455.36,Tanya Kapoor,tanya.kapoor.fte455.36@gateway-sim.edu,GateSim#FTE455_036_nayzzp,FTE455,FTE455 - GATE DA Adaptive Readiness,ready_to_join,steady_improver,1473
stu_fte455_037,rahul.das.fte455.37,Rahul Das,rahul.das.fte455.37@gateway-sim.edu,GateSim#FTE455_037_1mhnsb,FTE455,FTE455 - GATE DA Adaptive Readiness,ready_to_join,fast_but_careless,1464
stu_fte455_038,kavya.agarwal.fte455.38,Kavya Agarwal,kavya.agarwal.fte455.38@gateway-sim.edu,GateSim#FTE455_038_34edav,FTE455,FTE455 - GATE DA Adaptive Readiness,ready_to_join,slow_analytical,1721
stu_fte455_039,neil.bose.fte455.39,Neil Bose,neil.bose.fte455.39@gateway-sim.edu,GateSim#FTE455_039_12pe9o,FTE455,FTE455 - GATE DA Adaptive Readiness,ready_to_join,volatile_practicer,1497
stu_fte455_040,pooja.rao.fte455.40,Pooja Rao,pooja.rao.fte455.40@gateway-sim.edu,GateSim#FTE455_040_1takjp,FTE455,FTE455 - GATE DA Adaptive Readiness,ready_to_join,remediation_responder,1443
stu_fte455_041,aarav.sharma.fte455.41,Aarav Sharma,aarav.sharma.fte455.41@gateway-sim.edu,GateSim#FTE455_041_9r600z,FTE455,FTE455 - GATE DA Adaptive Readiness,ready_to_join,steady_improver,1649
stu_fte455_042,priya.verma.fte455.42,Priya Verma,priya.verma.fte455.42@gateway-sim.edu,GateSim#FTE455_042_1k8ru7,FTE455,FTE455 - GATE DA Adaptive Readiness,ready_to_join,fast_but_careless,1616
stu_fte455_043,rohan.chatterjee.fte455.43,Rohan Chatterjee,rohan.chatterjee.fte455.43@gateway-sim.edu,GateSim#FTE455_043_3zjm9x,FTE455,FTE455 - GATE DA Adaptive Readiness,ready_to_join,slow_analytical,1403
stu_fte455_044,ananya.nair.fte455.44,Ananya Nair,ananya.nair.fte455.44@gateway-sim.edu,GateSim#FTE455_044_18krnh,FTE455,FTE455 - GATE DA Adaptive Readiness,ready_to_join,volatile_practicer,1387
stu_fte455_045,vivaan.patel.fte455.45,Vivaan Patel,vivaan.patel.fte455.45@gateway-sim.edu,GateSim#FTE455_045_8ojsu7,FTE455,FTE455 - GATE DA Adaptive Readiness,ready_to_join,remediation_responder,1707
stu_fte455_046,sneha.joshi.fte455.46,Sneha Joshi,sneha.joshi.fte455.46@gateway-sim.edu,GateSim#FTE455_046_wdl2ow,FTE455,FTE455 - GATE DA Adaptive Readiness,ready_to_join,steady_improver,1493
stu_fte455_047,kabir.menon.fte455.47,Kabir Menon,kabir.menon.fte455.47@gateway-sim.edu,GateSim#FTE455_047_a3n7kx,FTE455,FTE455 - GATE DA Adaptive Readiness,ready_to_join,fast_but_careless,1477
stu_fte455_048,meera.gupta.fte455.48,Meera Gupta,meera.gupta.fte455.48@gateway-sim.edu,GateSim#FTE455_048_f9xd8i,FTE455,FTE455 - GATE DA Adaptive Readiness,ready_to_join,slow_analytical,1611
stu_fte455_049,arjun.malhotra.fte455.49,Arjun Malhotra,arjun.malhotra.fte455.49@gateway-sim.edu,GateSim#FTE455_049_2rrv1n,FTE455,FTE455 - GATE DA Adaptive Readiness,ready_to_join,volatile_practicer,1461
stu_fte455_050,isha.iyer.fte455.50,Isha Iyer,isha.iyer.fte455.50@gateway-sim.edu,GateSim#FTE455_050_y0v1qh,FTE455,FTE455 - GATE DA Adaptive Readiness,ready_to_join,remediation_responder,1330
stu_fte455_051,karan.khan.fte455.51,Karan Khan,karan.khan.fte455.51@gateway-sim.edu,GateSim#FTE455_051_1egpf8,FTE455,FTE455 - GATE DA Adaptive Readiness,ready_to_join,steady_improver,1563
stu_fte455_052,nisha.bhat.fte455.52,Nisha Bhat,nisha.bhat.fte455.52@gateway-sim.edu,GateSim#FTE455_052_j0ah1j,FTE455,FTE455 - GATE DA Adaptive Readiness,ready_to_join,fast_but_careless,1654
stu_fte455_053,aditya.reddy.fte455.53,Aditya Reddy,aditya.reddy.fte455.53@gateway-sim.edu,GateSim#FTE455_053_1qzjcf,FTE455,FTE455 - GATE DA Adaptive Readiness,ready_to_join,slow_analytical,1460
stu_fte455_054,sara.mehta.fte455.54,Sara Mehta,sara.mehta.fte455.54@gateway-sim.edu,GateSim#FTE455_054_myr2i5,FTE455,FTE455 - GATE DA Adaptive Readiness,ready_to_join,volatile_practicer,1544
stu_fte455_055,dev.pillai.fte455.55,Dev Pillai,dev.pillai.fte455.55@gateway-sim.edu,GateSim#FTE455_055_1cvnch,FTE455,FTE455 - GATE DA Adaptive Readiness,ready_to_join,remediation_responder,1414
stu_fte455_056,tanya.kapoor.fte455.56,Tanya Kapoor,tanya.kapoor.fte455.56@gateway-sim.edu,GateSim#FTE455_056_aomd3f,FTE455,FTE455 - GATE DA Adaptive Readiness,ready_to_join,steady_improver,1345
stu_fte455_057,rahul.das.fte455.57,Rahul Das,rahul.das.fte455.57@gateway-sim.edu,GateSim#FTE455_057_mhyiw2,FTE455,FTE455 - GATE DA Adaptive Readiness,ready_to_join,fast_but_careless,1451
stu_fte455_058,kavya.agarwal.fte455.58,Kavya Agarwal,kavya.agarwal.fte455.58@gateway-sim.edu,GateSim#FTE455_058_1rmcfb,FTE455,FTE455 - GATE DA Adaptive Readiness,ready_to_join,slow_analytical,1417
stu_fte455_059,neil.bose.fte455.59,Neil Bose,neil.bose.fte455.59@gateway-sim.edu,GateSim#FTE455_059_167rrk,FTE455,FTE455 - GATE DA Adaptive Readiness,ready_to_join,volatile_practicer,1357
stu_fte455_060,pooja.rao.fte455.60,Pooja Rao,pooja.rao.fte455.60@gateway-sim.edu,GateSim#FTE455_060_1azikc,FTE455,FTE455 - GATE DA Adaptive Readiness,ready_to_join,remediation_responder,1362
stu_fte455_061,aarav.sharma.fte455.61,Aarav Sharma,aarav.sharma.fte455.61@gateway-sim.edu,GateSim#FTE455_061_1x67yg,FTE455,FTE455 - GATE DA Adaptive Readiness,ready_to_join,steady_improver,1539
stu_fte455_062,priya.verma.fte455.62,Priya Verma,priya.verma.fte455.62@gateway-sim.edu,GateSim#FTE455_062_1bd5b0,FTE455,FTE455 - GATE DA Adaptive Readiness,ready_to_join,fast_but_careless,1535
stu_fte455_063,rohan.chatterjee.fte455.63,Rohan Chatterjee,rohan.chatterjee.fte455.63@gateway-sim.edu,GateSim#FTE455_063_1gmad7,FTE455,FTE455 - GATE DA Adaptive Readiness,ready_to_join,slow_analytical,1447
stu_fte455_064,ananya.nair.fte455.64,Ananya Nair,ananya.nair.fte455.64@gateway-sim.edu,GateSim#FTE455_064_k78xdk,FTE455,FTE455 - GATE DA Adaptive Readiness,ready_to_join,volatile_practicer,1736
stu_fte455_065,vivaan.patel.fte455.65,Vivaan Patel,vivaan.patel.fte455.65@gateway-sim.edu,GateSim#FTE455_065_1lvs9w,FTE455,FTE455 - GATE DA Adaptive Readiness,ready_to_join,remediation_responder,1560
stu_fte455_066,sneha.joshi.fte455.66,Sneha Joshi,sneha.joshi.fte455.66@gateway-sim.edu,GateSim#FTE455_066_uvvwla,FTE455,FTE455 - GATE DA Adaptive Readiness,ready_to_join,steady_improver,1347
stu_fte455_067,kabir.menon.fte455.67,Kabir Menon,kabir.menon.fte455.67@gateway-sim.edu,GateSim#FTE455_067_14hbd3,FTE455,FTE455 - GATE DA Adaptive Readiness,ready_to_join,fast_but_careless,1416
stu_fte455_068,meera.gupta.fte455.68,Meera Gupta,meera.gupta.fte455.68@gateway-sim.edu,GateSim#FTE455_068_1a3nfj,FTE455,FTE455 - GATE DA Adaptive Readiness,ready_to_join,slow_analytical,1672
stu_fte455_069,arjun.malhotra.fte455.69,Arjun Malhotra,arjun.malhotra.fte455.69@gateway-sim.edu,GateSim#FTE455_069_a5jlkl,FTE455,FTE455 - GATE DA Adaptive Readiness,ready_to_join,volatile_practicer,1546
stu_fte455_070,isha.iyer.fte455.70,Isha Iyer,isha.iyer.fte455.70@gateway-sim.edu,GateSim#FTE455_070_9m6w4r,FTE455,FTE455 - GATE DA Adaptive Readiness,ready_to_join,remediation_responder,1463
stu_fte455_071,karan.khan.fte455.71,Karan Khan,karan.khan.fte455.71@gateway-sim.edu,GateSim#FTE455_071_6oxqwy,FTE455,FTE455 - GATE DA Adaptive Readiness,ready_to_join,steady_improver,1700
stu_fte455_072,nisha.bhat.fte455.72,Nisha Bhat,nisha.bhat.fte455.72@gateway-sim.edu,GateSim#FTE455_072_8w7499,FTE455,FTE455 - GATE DA Adaptive Readiness,ready_to_join,fast_but_careless,1692
stu_fte455_073,aditya.reddy.fte455.73,Aditya Reddy,aditya.reddy.fte455.73@gateway-sim.edu,GateSim#FTE455_073_dobtcs,FTE455,FTE455 - GATE DA Adaptive Readiness,ready_to_join,slow_analytical,1547
stu_fte455_074,sara.mehta.fte455.74,Sara Mehta,sara.mehta.fte455.74@gateway-sim.edu,GateSim#FTE455_074_1iu0s9,FTE455,FTE455 - GATE DA Adaptive Readiness,ready_to_join,volatile_practicer,1371
stu_fte455_075,dev.pillai.fte455.75,Dev Pillai,dev.pillai.fte455.75@gateway-sim.edu,GateSim#FTE455_075_1obqz6,FTE455,FTE455 - GATE DA Adaptive Readiness,ready_to_join,remediation_responder,1398
stu_fte455_076,tanya.kapoor.fte455.76,Tanya Kapoor,tanya.kapoor.fte455.76@gateway-sim.edu,GateSim#FTE455_076_xu5rop,FTE455,FTE455 - GATE DA Adaptive Readiness,ready_to_join,steady_improver,1447
stu_fte455_077,rahul.das.fte455.77,Rahul Das,rahul.das.fte455.77@gateway-sim.edu,GateSim#FTE455_077_1px0ib,FTE455,FTE455 - GATE DA Adaptive Readiness,ready_to_join,fast_but_careless,1674
stu_fte455_078,kavya.agarwal.fte455.78,Kavya Agarwal,kavya.agarwal.fte455.78@gateway-sim.edu,GateSim#FTE455_078_102o4b,FTE455,FTE455 - GATE DA Adaptive Readiness,ready_to_join,slow_analytical,1493
stu_fte455_079,neil.bose.fte455.79,Neil Bose,neil.bose.fte455.79@gateway-sim.edu,GateSim#FTE455_079_1blkum,FTE455,FTE455 - GATE DA Adaptive Readiness,ready_to_join,volatile_practicer,1572
stu_fte455_080,pooja.rao.fte455.80,Pooja Rao,pooja.rao.fte455.80@gateway-sim.edu,GateSim#FTE455_080_1bltoa,FTE455,FTE455 - GATE DA Adaptive Readiness,ready_to_join,remediation_responder,1684
stu_fte455_081,aarav.sharma.fte455.81,Aarav Sharma,aarav.sharma.fte455.81@gateway-sim.edu,GateSim#FTE455_081_5opg3z,FTE455,FTE455 - GATE DA Adaptive Readiness,ready_to_join,steady_improver,1461
stu_fte455_082,priya.verma.fte455.82,Priya Verma,priya.verma.fte455.82@gateway-sim.edu,GateSim#FTE455_082_12io0d,FTE455,FTE455 - GATE DA Adaptive Readiness,ready_to_join,fast_but_careless,1616
stu_fte455_083,rohan.chatterjee.fte455.83,Rohan Chatterjee,rohan.chatterjee.fte455.83@gateway-sim.edu,GateSim#FTE455_083_cpnynl,FTE455,FTE455 - GATE DA Adaptive Readiness,ready_to_join,slow_analytical,1502
stu_fte455_084,ananya.nair.fte455.84,Ananya Nair,ananya.nair.fte455.84@gateway-sim.edu,GateSim#FTE455_084_1xaqmi,FTE455,FTE455 - GATE DA Adaptive Readiness,ready_to_join,volatile_practicer,1484
stu_fte455_085,vivaan.patel.fte455.85,Vivaan Patel,vivaan.patel.fte455.85@gateway-sim.edu,GateSim#FTE455_085_4ns8fn,FTE455,FTE455 - GATE DA Adaptive Readiness,ready_to_join,remediation_responder,1534
stu_fte455_086,sneha.joshi.fte455.86,Sneha Joshi,sneha.joshi.fte455.86@gateway-sim.edu,GateSim#FTE455_086_4fc478,FTE455,FTE455 - GATE DA Adaptive Readiness,ready_to_join,steady_improver,1450
stu_fte455_087,kabir.menon.fte455.87,Kabir Menon,kabir.menon.fte455.87@gateway-sim.edu,GateSim#FTE455_087_1s4jef,FTE455,FTE455 - GATE DA Adaptive Readiness,ready_to_join,fast_but_careless,1708
stu_fte455_088,meera.gupta.fte455.88,Meera Gupta,meera.gupta.fte455.88@gateway-sim.edu,GateSim#FTE455_088_vzik66,FTE455,FTE455 - GATE DA Adaptive Readiness,ready_to_join,slow_analytical,1597
stu_fte455_089,arjun.malhotra.fte455.89,Arjun Malhotra,arjun.malhotra.fte455.89@gateway-sim.edu,GateSim#FTE455_089_nf4wdz,FTE455,FTE455 - GATE DA Adaptive Readiness,ready_to_join,volatile_practicer,1447
stu_fte455_090,isha.iyer.fte455.90,Isha Iyer,isha.iyer.fte455.90@gateway-sim.edu,GateSim#FTE455_090_yyvz1h,FTE455,FTE455 - GATE DA Adaptive Readiness,ready_to_join,remediation_responder,1391
stu_fte455_091,karan.khan.fte455.91,Karan Khan,karan.khan.fte455.91@gateway-sim.edu,GateSim#FTE455_091_1e7n9h,FTE455,FTE455 - GATE DA Adaptive Readiness,ready_to_join,steady_improver,1322
stu_fte455_092,nisha.bhat.fte455.92,Nisha Bhat,nisha.bhat.fte455.92@gateway-sim.edu,GateSim#FTE455_092_16fhos,FTE455,FTE455 - GATE DA Adaptive Readiness,ready_to_join,fast_but_careless,1320
stu_fte455_093,aditya.reddy.fte455.93,Aditya Reddy,aditya.reddy.fte455.93@gateway-sim.edu,GateSim#FTE455_093_13zgd3,FTE455,FTE455 - GATE DA Adaptive Readiness,ready_to_join,slow_analytical,1514
stu_fte455_094,sara.mehta.fte455.94,Sara Mehta,sara.mehta.fte455.94@gateway-sim.edu,GateSim#FTE455_094_13ig11,FTE455,FTE455 - GATE DA Adaptive Readiness,ready_to_join,volatile_practicer,1600
stu_fte455_095,dev.pillai.fte455.95,Dev Pillai,dev.pillai.fte455.95@gateway-sim.edu,GateSim#FTE455_095_11xo35,FTE455,FTE455 - GATE DA Adaptive Readiness,ready_to_join,remediation_responder,1688
stu_fte455_096,tanya.kapoor.fte455.96,Tanya Kapoor,tanya.kapoor.fte455.96@gateway-sim.edu,GateSim#FTE455_096_pnc6ov,FTE455,FTE455 - GATE DA Adaptive Readiness,ready_to_join,steady_improver,1628
stu_fte455_097,rahul.das.fte455.97,Rahul Das,rahul.das.fte455.97@gateway-sim.edu,GateSim#FTE455_097_c8xveu,FTE455,FTE455 - GATE DA Adaptive Readiness,ready_to_join,fast_but_careless,1505
stu_fte455_098,kavya.agarwal.fte455.98,Kavya Agarwal,kavya.agarwal.fte455.98@gateway-sim.edu,GateSim#FTE455_098_pz14x9,FTE455,FTE455 - GATE DA Adaptive Readiness,ready_to_join,slow_analytical,1619
stu_fte455_099,neil.bose.fte455.99,Neil Bose,neil.bose.fte455.99@gateway-sim.edu,GateSim#FTE455_099_whovcs,FTE455,FTE455 - GATE DA Adaptive Readiness,ready_to_join,volatile_practicer,1609
stu_fte455_100,pooja.rao.fte455.100,Pooja Rao,pooja.rao.fte455.100@gateway-sim.edu,GateSim#FTE455_100_d7hptl,FTE455,FTE455 - GATE DA Adaptive Readiness,ready_to_join,remediation_responder,1334
stu_fte455_101,aarav.sharma.fte455.101,Aarav Sharma,aarav.sharma.fte455.101@gateway-sim.edu,GateSim#FTE455_101_734wk8,FTE455,FTE455 - GATE DA Adaptive Readiness,ready_to_join,steady_improver,1560
stu_fte455_102,priya.verma.fte455.102,Priya Verma,priya.verma.fte455.102@gateway-sim.edu,GateSim#FTE455_102_iuobxz,FTE455,FTE455 - GATE DA Adaptive Readiness,ready_to_join,fast_but_careless,1361
stu_fte455_103,rohan.chatterjee.fte455.103,Rohan Chatterjee,rohan.chatterjee.fte455.103@gateway-sim.edu,GateSim#FTE455_103_rf1zq6,FTE455,FTE455 - GATE DA Adaptive Readiness,ready_to_join,slow_analytical,1593
stu_fte455_104,ananya.nair.fte455.104,Ananya Nair,ananya.nair.fte455.104@gateway-sim.edu,GateSim#FTE455_104_1jco3a,FTE455,FTE455 - GATE DA Adaptive Readiness,ready_to_join,volatile_practicer,1700
stu_fte455_105,vivaan.patel.fte455.105,Vivaan Patel,vivaan.patel.fte455.105@gateway-sim.edu,GateSim#FTE455_105_19ivqz,FTE455,FTE455 - GATE DA Adaptive Readiness,ready_to_join,remediation_responder,1699
stu_fte455_106,sneha.joshi.fte455.106,Sneha Joshi,sneha.joshi.fte455.106@gateway-sim.edu,GateSim#FTE455_106_l50zsr,FTE455,FTE455 - GATE DA Adaptive Readiness,ready_to_join,steady_improver,1628
stu_fte455_107,kabir.menon.fte455.107,Kabir Menon,kabir.menon.fte455.107@gateway-sim.edu,GateSim#FTE455_107_1ar5c9,FTE455,FTE455 - GATE DA Adaptive Readiness,ready_to_join,fast_but_careless,1476
stu_fte455_108,meera.gupta.fte455.108,Meera Gupta,meera.gupta.fte455.108@gateway-sim.edu,GateSim#FTE455_108_857e7l,FTE455,FTE455 - GATE DA Adaptive Readiness,ready_to_join,slow_analytical,1705
stu_fte455_109,arjun.malhotra.fte455.109,Arjun Malhotra,arjun.malhotra.fte455.109@gateway-sim.edu,GateSim#FTE455_109_xy7fxs,FTE455,FTE455 - GATE DA Adaptive Readiness,ready_to_join,volatile_practicer,1350
stu_fte455_110,isha.iyer.fte455.110,Isha Iyer,isha.iyer.fte455.110@gateway-sim.edu,GateSim#FTE455_110_1wbz8d,FTE455,FTE455 - GATE DA Adaptive Readiness,ready_to_join,remediation_responder,1606
stu_fte455_111,karan.khan.fte455.111,Karan Khan,karan.khan.fte455.111@gateway-sim.edu,GateSim#FTE455_111_jvujbn,FTE455,FTE455 - GATE DA Adaptive Readiness,ready_to_join,steady_improver,1685
stu_fte455_112,nisha.bhat.fte455.112,Nisha Bhat,nisha.bhat.fte455.112@gateway-sim.edu,GateSim#FTE455_112_i1zb6s,FTE455,FTE455 - GATE DA Adaptive Readiness,ready_to_join,fast_but_careless,1446
stu_fte455_113,aditya.reddy.fte455.113,Aditya Reddy,aditya.reddy.fte455.113@gateway-sim.edu,GateSim#FTE455_113_1h4zj7,FTE455,FTE455 - GATE DA Adaptive Readiness,ready_to_join,slow_analytical,1501
stu_fte455_114,sara.mehta.fte455.114,Sara Mehta,sara.mehta.fte455.114@gateway-sim.edu,GateSim#FTE455_114_b72od2,FTE455,FTE455 - GATE DA Adaptive Readiness,ready_to_join,volatile_practicer,1540
stu_fte455_115,dev.pillai.fte455.115,Dev Pillai,dev.pillai.fte455.115@gateway-sim.edu,GateSim#FTE455_115_k80m7j,FTE455,FTE455 - GATE DA Adaptive Readiness,ready_to_join,remediation_responder,1494
stu_fte455_116,tanya.kapoor.fte455.116,Tanya Kapoor,tanya.kapoor.fte455.116@gateway-sim.edu,GateSim#FTE455_116_q1cxw0,FTE455,FTE455 - GATE DA Adaptive Readiness,ready_to_join,steady_improver,1528
stu_fte455_117,rahul.das.fte455.117,Rahul Das,rahul.das.fte455.117@gateway-sim.edu,GateSim#FTE455_117_ar14y9,FTE455,FTE455 - GATE DA Adaptive Readiness,ready_to_join,fast_but_careless,1542
stu_fte455_118,kavya.agarwal.fte455.118,Kavya Agarwal,kavya.agarwal.fte455.118@gateway-sim.edu,GateSim#FTE455_118_jbh6nm,FTE455,FTE455 - GATE DA Adaptive Readiness,ready_to_join,slow_analytical,1521
stu_fte455_119,neil.bose.fte455.119,Neil Bose,neil.bose.fte455.119@gateway-sim.edu,GateSim#FTE455_119_okm8uz,FTE455,FTE455 - GATE DA Adaptive Readiness,ready_to_join,volatile_practicer,1383
stu_fte455_120,pooja.rao.fte455.120,Pooja Rao,pooja.rao.fte455.120@gateway-sim.edu,GateSim#FTE455_120_13dc1w,FTE455,FTE455 - GATE DA Adaptive Readiness,ready_to_join,remediation_responder,1619
stu_fte455_121,aarav.sharma.fte455.121,Aarav Sharma,aarav.sharma.fte455.121@gateway-sim.edu,GateSim#FTE455_121_1tv6l9,FTE455,FTE455 - GATE DA Adaptive Readiness,ready_to_join,steady_improver,1321
stu_fte455_122,priya.verma.fte455.122,Priya Verma,priya.verma.fte455.122@gateway-sim.edu,GateSim#FTE455_122_1wasl8,FTE455,FTE455 - GATE DA Adaptive Readiness,ready_to_join,fast_but_careless,1713
stu_fte455_123,rohan.chatterjee.fte455.123,Rohan Chatterjee,rohan.chatterjee.fte455.123@gateway-sim.edu,GateSim#FTE455_123_5v2yfg,FTE455,FTE455 - GATE DA Adaptive Readiness,ready_to_join,slow_analytical,1424
stu_fte455_124,ananya.nair.fte455.124,Ananya Nair,ananya.nair.fte455.124@gateway-sim.edu,GateSim#FTE455_124_sguonr,FTE455,FTE455 - GATE DA Adaptive Readiness,ready_to_join,volatile_practicer,1526
stu_fte455_125,vivaan.patel.fte455.125,Vivaan Patel,vivaan.patel.fte455.125@gateway-sim.edu,GateSim#FTE455_125_1s1ul1,FTE455,FTE455 - GATE DA Adaptive Readiness,ready_to_join,remediation_responder,1558
stu_fte455_126,sneha.joshi.fte455.126,Sneha Joshi,sneha.joshi.fte455.126@gateway-sim.edu,GateSim#FTE455_126_10rbio,FTE455,FTE455 - GATE DA Adaptive Readiness,ready_to_join,steady_improver,1491
stu_fte455_127,kabir.menon.fte455.127,Kabir Menon,kabir.menon.fte455.127@gateway-sim.edu,GateSim#FTE455_127_1qb86k,FTE455,FTE455 - GATE DA Adaptive Readiness,ready_to_join,fast_but_careless,1629
stu_fte455_128,meera.gupta.fte455.128,Meera Gupta,meera.gupta.fte455.128@gateway-sim.edu,GateSim#FTE455_128_1y2090,FTE455,FTE455 - GATE DA Adaptive Readiness,ready_to_join,slow_analytical,1408
stu_fte455_129,arjun.malhotra.fte455.129,Arjun Malhotra,arjun.malhotra.fte455.129@gateway-sim.edu,GateSim#FTE455_129_4wrgq2,FTE455,FTE455 - GATE DA Adaptive Readiness,ready_to_join,volatile_practicer,1502
stu_fte455_130,isha.iyer.fte455.130,Isha Iyer,isha.iyer.fte455.130@gateway-sim.edu,GateSim#FTE455_130_rx8aws,FTE455,FTE455 - GATE DA Adaptive Readiness,ready_to_join,remediation_responder,1489
stu_fte455_131,karan.khan.fte455.131,Karan Khan,karan.khan.fte455.131@gateway-sim.edu,GateSim#FTE455_131_lekkh9,FTE455,FTE455 - GATE DA Adaptive Readiness,ready_to_join,steady_improver,1558
stu_fte455_132,nisha.bhat.fte455.132,Nisha Bhat,nisha.bhat.fte455.132@gateway-sim.edu,GateSim#FTE455_132_lgjnmq,FTE455,FTE455 - GATE DA Adaptive Readiness,ready_to_join,fast_but_careless,1449
stu_fte455_133,aditya.reddy.fte455.133,Aditya Reddy,aditya.reddy.fte455.133@gateway-sim.edu,GateSim#FTE455_133_1ntq70,FTE455,FTE455 - GATE DA Adaptive Readiness,ready_to_join,slow_analytical,1471
stu_fte455_134,sara.mehta.fte455.134,Sara Mehta,sara.mehta.fte455.134@gateway-sim.edu,GateSim#FTE455_134_erknfs,FTE455,FTE455 - GATE DA Adaptive Readiness,ready_to_join,volatile_practicer,1505
stu_fte455_135,dev.pillai.fte455.135,Dev Pillai,dev.pillai.fte455.135@gateway-sim.edu,GateSim#FTE455_135_16naks,FTE455,FTE455 - GATE DA Adaptive Readiness,ready_to_join,remediation_responder,1343
stu_fte455_136,tanya.kapoor.fte455.136,Tanya Kapoor,tanya.kapoor.fte455.136@gateway-sim.edu,GateSim#FTE455_136_ero0ku,FTE455,FTE455 - GATE DA Adaptive Readiness,ready_to_join,steady_improver,1334
stu_fte455_137,rahul.das.fte455.137,Rahul Das,rahul.das.fte455.137@gateway-sim.edu,GateSim#FTE455_137_yp75zb,FTE455,FTE455 - GATE DA Adaptive Readiness,ready_to_join,fast_but_careless,1596
stu_fte455_138,kavya.agarwal.fte455.138,Kavya Agarwal,kavya.agarwal.fte455.138@gateway-sim.edu,GateSim#FTE455_138_19n6p1,FTE455,FTE455 - GATE DA Adaptive Readiness,ready_to_join,slow_analytical,1354
stu_fte455_139,neil.bose.fte455.139,Neil Bose,neil.bose.fte455.139@gateway-sim.edu,GateSim#FTE455_139_uefelh,FTE455,FTE455 - GATE DA Adaptive Readiness,ready_to_join,volatile_practicer,1533
stu_fte455_140,pooja.rao.fte455.140,Pooja Rao,pooja.rao.fte455.140@gateway-sim.edu,GateSim#FTE455_140_s4g9zh,FTE455,FTE455 - GATE DA Adaptive Readiness,ready_to_join,remediation_responder,1401
stu_fte455_141,aarav.sharma.fte455.141,Aarav Sharma,aarav.sharma.fte455.141@gateway-sim.edu,GateSim#FTE455_141_1h8ep3,FTE455,FTE455 - GATE DA Adaptive Readiness,ready_to_join,steady_improver,1546
stu_fte455_142,priya.verma.fte455.142,Priya Verma,priya.verma.fte455.142@gateway-sim.edu,GateSim#FTE455_142_1x8fck,FTE455,FTE455 - GATE DA Adaptive Readiness,ready_to_join,fast_but_careless,1705
stu_fte455_143,rohan.chatterjee.fte455.143,Rohan Chatterjee,rohan.chatterjee.fte455.143@gateway-sim.edu,GateSim#FTE455_143_apgssi,FTE455,FTE455 - GATE DA Adaptive Readiness,ready_to_join,slow_analytical,1687
stu_fte455_144,ananya.nair.fte455.144,Ananya Nair,ananya.nair.fte455.144@gateway-sim.edu,GateSim#FTE455_144_2y9ajt,FTE455,FTE455 - GATE DA Adaptive Readiness,ready_to_join,volatile_practicer,1629
stu_fte455_145,vivaan.patel.fte455.145,Vivaan Patel,vivaan.patel.fte455.145@gateway-sim.edu,GateSim#FTE455_145_1e9d2q,FTE455,FTE455 - GATE DA Adaptive Readiness,ready_to_join,remediation_responder,1727
stu_fte455_146,sneha.joshi.fte455.146,Sneha Joshi,sneha.joshi.fte455.146@gateway-sim.edu,GateSim#FTE455_146_zmyc13,FTE455,FTE455 - GATE DA Adaptive Readiness,ready_to_join,steady_improver,1516
stu_fte455_147,kabir.menon.fte455.147,Kabir Menon,kabir.menon.fte455.147@gateway-sim.edu,GateSim#FTE455_147_1fzzh7,FTE455,FTE455 - GATE DA Adaptive Readiness,ready_to_join,fast_but_careless,1402
stu_fte455_148,meera.gupta.fte455.148,Meera Gupta,meera.gupta.fte455.148@gateway-sim.edu,GateSim#FTE455_148_1yg73t,FTE455,FTE455 - GATE DA Adaptive Readiness,ready_to_join,slow_analytical,1564
stu_fte455_149,arjun.malhotra.fte455.149,Arjun Malhotra,arjun.malhotra.fte455.149@gateway-sim.edu,GateSim#FTE455_149_1fob9r,FTE455,FTE455 - GATE DA Adaptive Readiness,ready_to_join,volatile_practicer,1443
stu_fte455_150,isha.iyer.fte455.150,Isha Iyer,isha.iyer.fte455.150@gateway-sim.edu,GateSim#FTE455_150_y4xp8e,FTE455,FTE455 - GATE DA Adaptive Readiness,ready_to_join,remediation_responder,1485
stu_fte455_151,karan.khan.fte455.151,Karan Khan,karan.khan.fte455.151@gateway-sim.edu,GateSim#FTE455_151_1xl1ut,FTE455,FTE455 - GATE DA Adaptive Readiness,ready_to_join,steady_improver,1610
stu_fte455_152,nisha.bhat.fte455.152,Nisha Bhat,nisha.bhat.fte455.152@gateway-sim.edu,GateSim#FTE455_152_webarc,FTE455,FTE455 - GATE DA Adaptive Readiness,ready_to_join,fast_but_careless,1326
stu_fte455_153,aditya.reddy.fte455.153,Aditya Reddy,aditya.reddy.fte455.153@gateway-sim.edu,GateSim#FTE455_153_6uemvt,FTE455,FTE455 - GATE DA Adaptive Readiness,ready_to_join,slow_analytical,1618
stu_fte455_154,sara.mehta.fte455.154,Sara Mehta,sara.mehta.fte455.154@gateway-sim.edu,GateSim#FTE455_154_zy9pgy,FTE455,FTE455 - GATE DA Adaptive Readiness,ready_to_join,volatile_practicer,1628
stu_fte455_155,dev.pillai.fte455.155,Dev Pillai,dev.pillai.fte455.155@gateway-sim.edu,GateSim#FTE455_155_9gf63f,FTE455,FTE455 - GATE DA Adaptive Readiness,ready_to_join,remediation_responder,1391
stu_fte455_156,tanya.kapoor.fte455.156,Tanya Kapoor,tanya.kapoor.fte455.156@gateway-sim.edu,GateSim#FTE455_156_1aza4l,FTE455,FTE455 - GATE DA Adaptive Readiness,ready_to_join,steady_improver,1407
stu_fte455_157,rahul.das.fte455.157,Rahul Das,rahul.das.fte455.157@gateway-sim.edu,GateSim#FTE455_157_12dvpf,FTE455,FTE455 - GATE DA Adaptive Readiness,ready_to_join,fast_but_careless,1618
stu_fte455_158,kavya.agarwal.fte455.158,Kavya Agarwal,kavya.agarwal.fte455.158@gateway-sim.edu,GateSim#FTE455_158_1wcji1,FTE455,FTE455 - GATE DA Adaptive Readiness,ready_to_join,slow_analytical,1540
stu_fte455_159,neil.bose.fte455.159,Neil Bose,neil.bose.fte455.159@gateway-sim.edu,GateSim#FTE455_159_1p88d6,FTE455,FTE455 - GATE DA Adaptive Readiness,ready_to_join,volatile_practicer,1383
stu_fte455_160,pooja.rao.fte455.160,Pooja Rao,pooja.rao.fte455.160@gateway-sim.edu,GateSim#FTE455_160_aaxau7,FTE455,FTE455 - GATE DA Adaptive Readiness,ready_to_join,remediation_responder,1411
stu_fte455_161,aarav.sharma.fte455.161,Aarav Sharma,aarav.sharma.fte455.161@gateway-sim.edu,GateSim#FTE455_161_10s6df,FTE455,FTE455 - GATE DA Adaptive Readiness,ready_to_join,steady_improver,1566
stu_fte455_162,priya.verma.fte455.162,Priya Verma,priya.verma.fte455.162@gateway-sim.edu,GateSim#FTE455_162_zkoayp,FTE455,FTE455 - GATE DA Adaptive Readiness,ready_to_join,fast_but_careless,1413
stu_fte455_163,rohan.chatterjee.fte455.163,Rohan Chatterjee,rohan.chatterjee.fte455.163@gateway-sim.edu,GateSim#FTE455_163_e63n7k,FTE455,FTE455 - GATE DA Adaptive Readiness,ready_to_join,slow_analytical,1337
stu_fte455_164,ananya.nair.fte455.164,Ananya Nair,ananya.nair.fte455.164@gateway-sim.edu,GateSim#FTE455_164_m9jg8z,FTE455,FTE455 - GATE DA Adaptive Readiness,ready_to_join,volatile_practicer,1687
stu_fte455_165,vivaan.patel.fte455.165,Vivaan Patel,vivaan.patel.fte455.165@gateway-sim.edu,GateSim#FTE455_165_912efu,FTE455,FTE455 - GATE DA Adaptive Readiness,ready_to_join,remediation_responder,1650
stu_fte455_166,sneha.joshi.fte455.166,Sneha Joshi,sneha.joshi.fte455.166@gateway-sim.edu,GateSim#FTE455_166_3hsl7p,FTE455,FTE455 - GATE DA Adaptive Readiness,ready_to_join,steady_improver,1502
stu_fte455_167,kabir.menon.fte455.167,Kabir Menon,kabir.menon.fte455.167@gateway-sim.edu,GateSim#FTE455_167_y6f190,FTE455,FTE455 - GATE DA Adaptive Readiness,ready_to_join,fast_but_careless,1480
stu_fte455_168,meera.gupta.fte455.168,Meera Gupta,meera.gupta.fte455.168@gateway-sim.edu,GateSim#FTE455_168_1pzqeo,FTE455,FTE455 - GATE DA Adaptive Readiness,ready_to_join,slow_analytical,1635
stu_fte455_169,arjun.malhotra.fte455.169,Arjun Malhotra,arjun.malhotra.fte455.169@gateway-sim.edu,GateSim#FTE455_169_yxv832,FTE455,FTE455 - GATE DA Adaptive Readiness,ready_to_join,volatile_practicer,1489
stu_fte455_170,isha.iyer.fte455.170,Isha Iyer,isha.iyer.fte455.170@gateway-sim.edu,GateSim#FTE455_170_1i4cfu,FTE455,FTE455 - GATE DA Adaptive Readiness,ready_to_join,remediation_responder,1495
stu_fte455_171,karan.khan.fte455.171,Karan Khan,karan.khan.fte455.171@gateway-sim.edu,GateSim#FTE455_171_195et8,FTE455,FTE455 - GATE DA Adaptive Readiness,ready_to_join,steady_improver,1672
stu_fte455_172,nisha.bhat.fte455.172,Nisha Bhat,nisha.bhat.fte455.172@gateway-sim.edu,GateSim#FTE455_172_gtjmuu,FTE455,FTE455 - GATE DA Adaptive Readiness,ready_to_join,fast_but_careless,1442
stu_fte455_173,aditya.reddy.fte455.173,Aditya Reddy,aditya.reddy.fte455.173@gateway-sim.edu,GateSim#FTE455_173_xdudqn,FTE455,FTE455 - GATE DA Adaptive Readiness,ready_to_join,slow_analytical,1620
stu_fte455_174,sara.mehta.fte455.174,Sara Mehta,sara.mehta.fte455.174@gateway-sim.edu,GateSim#FTE455_174_nobd0,FTE455,FTE455 - GATE DA Adaptive Readiness,ready_to_join,volatile_practicer,1487
stu_fte455_175,dev.pillai.fte455.175,Dev Pillai,dev.pillai.fte455.175@gateway-sim.edu,GateSim#FTE455_175_lrg2dx,FTE455,FTE455 - GATE DA Adaptive Readiness,ready_to_join,remediation_responder,1681
stu_fte455_176,tanya.kapoor.fte455.176,Tanya Kapoor,tanya.kapoor.fte455.176@gateway-sim.edu,GateSim#FTE455_176_3fzcga,FTE455,FTE455 - GATE DA Adaptive Readiness,ready_to_join,steady_improver,1451
stu_fte455_177,rahul.das.fte455.177,Rahul Das,rahul.das.fte455.177@gateway-sim.edu,GateSim#FTE455_177_wiyvoz,FTE455,FTE455 - GATE DA Adaptive Readiness,ready_to_join,fast_but_careless,1687
stu_fte455_178,kavya.agarwal.fte455.178,Kavya Agarwal,kavya.agarwal.fte455.178@gateway-sim.edu,GateSim#FTE455_178_hrf060,FTE455,FTE455 - GATE DA Adaptive Readiness,ready_to_join,slow_analytical,1572
stu_fte455_179,neil.bose.fte455.179,Neil Bose,neil.bose.fte455.179@gateway-sim.edu,GateSim#FTE455_179_zah6t5,FTE455,FTE455 - GATE DA Adaptive Readiness,ready_to_join,volatile_practicer,1466
stu_fte455_180,pooja.rao.fte455.180,Pooja Rao,pooja.rao.fte455.180@gateway-sim.edu,GateSim#FTE455_180_1suwce,FTE455,FTE455 - GATE DA Adaptive Readiness,ready_to_join,remediation_responder,1575
stu_fte455_181,aarav.sharma.fte455.181,Aarav Sharma,aarav.sharma.fte455.181@gateway-sim.edu,GateSim#FTE455_181_1ra4ei,FTE455,FTE455 - GATE DA Adaptive Readiness,ready_to_join,steady_improver,1334
stu_fte455_182,priya.verma.fte455.182,Priya Verma,priya.verma.fte455.182@gateway-sim.edu,GateSim#FTE455_182_1ezsi1,FTE455,FTE455 - GATE DA Adaptive Readiness,ready_to_join,fast_but_careless,1712
stu_fte455_183,rohan.chatterjee.fte455.183,Rohan Chatterjee,rohan.chatterjee.fte455.183@gateway-sim.edu,GateSim#FTE455_183_11le6r,FTE455,FTE455 - GATE DA Adaptive Readiness,ready_to_join,slow_analytical,1382
stu_fte455_184,ananya.nair.fte455.184,Ananya Nair,ananya.nair.fte455.184@gateway-sim.edu,GateSim#FTE455_184_1obcae,FTE455,FTE455 - GATE DA Adaptive Readiness,ready_to_join,volatile_practicer,1590
stu_fte455_185,vivaan.patel.fte455.185,Vivaan Patel,vivaan.patel.fte455.185@gateway-sim.edu,GateSim#FTE455_185_4izivo,FTE455,FTE455 - GATE DA Adaptive Readiness,ready_to_join,remediation_responder,1582
stu_fte455_186,sneha.joshi.fte455.186,Sneha Joshi,sneha.joshi.fte455.186@gateway-sim.edu,GateSim#FTE455_186_1vry05,FTE455,FTE455 - GATE DA Adaptive Readiness,ready_to_join,steady_improver,1406
stu_fte455_187,kabir.menon.fte455.187,Kabir Menon,kabir.menon.fte455.187@gateway-sim.edu,GateSim#FTE455_187_1tbwog,FTE455,FTE455 - GATE DA Adaptive Readiness,ready_to_join,fast_but_careless,1719
stu_fte455_188,meera.gupta.fte455.188,Meera Gupta,meera.gupta.fte455.188@gateway-sim.edu,GateSim#FTE455_188_1j3emh,FTE455,FTE455 - GATE DA Adaptive Readiness,ready_to_join,slow_analytical,1519
stu_fte455_189,arjun.malhotra.fte455.189,Arjun Malhotra,arjun.malhotra.fte455.189@gateway-sim.edu,GateSim#FTE455_189_18ohj8,FTE455,FTE455 - GATE DA Adaptive Readiness,ready_to_join,volatile_practicer,1663
stu_fte455_190,isha.iyer.fte455.190,Isha Iyer,isha.iyer.fte455.190@gateway-sim.edu,GateSim#FTE455_190_5my636,FTE455,FTE455 - GATE DA Adaptive Readiness,ready_to_join,remediation_responder,1383
stu_fte455_191,karan.khan.fte455.191,Karan Khan,karan.khan.fte455.191@gateway-sim.edu,GateSim#FTE455_191_1f1xvl,FTE455,FTE455 - GATE DA Adaptive Readiness,ready_to_join,steady_improver,1332
stu_fte455_192,nisha.bhat.fte455.192,Nisha Bhat,nisha.bhat.fte455.192@gateway-sim.edu,GateSim#FTE455_192_4eokto,FTE455,FTE455 - GATE DA Adaptive Readiness,ready_to_join,fast_but_careless,1556
stu_fte455_193,aditya.reddy.fte455.193,Aditya Reddy,aditya.reddy.fte455.193@gateway-sim.edu,GateSim#FTE455_193_e8gx3x,FTE455,FTE455 - GATE DA Adaptive Readiness,ready_to_join,slow_analytical,1366
stu_fte455_194,sara.mehta.fte455.194,Sara Mehta,sara.mehta.fte455.194@gateway-sim.edu,GateSim#FTE455_194_1lbyvj,FTE455,FTE455 - GATE DA Adaptive Readiness,ready_to_join,volatile_practicer,1386
stu_fte455_195,dev.pillai.fte455.195,Dev Pillai,dev.pillai.fte455.195@gateway-sim.edu,GateSim#FTE455_195_1crl7q,FTE455,FTE455 - GATE DA Adaptive Readiness,ready_to_join,remediation_responder,1685
stu_fte455_196,tanya.kapoor.fte455.196,Tanya Kapoor,tanya.kapoor.fte455.196@gateway-sim.edu,GateSim#FTE455_196_1101sd,FTE455,FTE455 - GATE DA Adaptive Readiness,ready_to_join,steady_improver,1575
stu_fte455_197,rahul.das.fte455.197,Rahul Das,rahul.das.fte455.197@gateway-sim.edu,GateSim#FTE455_197_174elm,FTE455,FTE455 - GATE DA Adaptive Readiness,ready_to_join,fast_but_careless,1485
stu_fte455_198,kavya.agarwal.fte455.198,Kavya Agarwal,kavya.agarwal.fte455.198@gateway-sim.edu,GateSim#FTE455_198_nm2vwq,FTE455,FTE455 - GATE DA Adaptive Readiness,ready_to_join,slow_analytical,1573
stu_fte455_199,neil.bose.fte455.199,Neil Bose,neil.bose.fte455.199@gateway-sim.edu,GateSim#FTE455_199_u08jsj,FTE455,FTE455 - GATE DA Adaptive Readiness,ready_to_join,volatile_practicer,1601
stu_fte455_200,pooja.rao.fte455.200,Pooja Rao,pooja.rao.fte455.200@gateway-sim.edu,GateSim#FTE455_200_1fqfdt,FTE455,FTE455 - GATE DA Adaptive Readiness,ready_to_join,remediation_responder,1710
stu_fte455_201,aarav.sharma.fte455.201,Aarav Sharma,aarav.sharma.fte455.201@gateway-sim.edu,GateSim#FTE455_201_9tb5n3,FTE455,FTE455 - GATE DA Adaptive Readiness,ready_to_join,steady_improver,1440
stu_fte455_202,priya.verma.fte455.202,Priya Verma,priya.verma.fte455.202@gateway-sim.edu,GateSim#FTE455_202_16n9pw,FTE455,FTE455 - GATE DA Adaptive Readiness,ready_to_join,fast_but_careless,1557
stu_fte455_203,rohan.chatterjee.fte455.203,Rohan Chatterjee,rohan.chatterjee.fte455.203@gateway-sim.edu,GateSim#FTE455_203_gu9o6p,FTE455,FTE455 - GATE DA Adaptive Readiness,ready_to_join,slow_analytical,1732
stu_fte455_204,ananya.nair.fte455.204,Ananya Nair,ananya.nair.fte455.204@gateway-sim.edu,GateSim#FTE455_204_2e8a2y,FTE455,FTE455 - GATE DA Adaptive Readiness,ready_to_join,volatile_practicer,1673
stu_fte455_205,vivaan.patel.fte455.205,Vivaan Patel,vivaan.patel.fte455.205@gateway-sim.edu,GateSim#FTE455_205_8sdxyr,FTE455,FTE455 - GATE DA Adaptive Readiness,ready_to_join,remediation_responder,1416
stu_fte455_206,sneha.joshi.fte455.206,Sneha Joshi,sneha.joshi.fte455.206@gateway-sim.edu,GateSim#FTE455_206_8jxtqc,FTE455,FTE455 - GATE DA Adaptive Readiness,ready_to_join,steady_improver,1421
stu_fte455_207,kabir.menon.fte455.207,Kabir Menon,kabir.menon.fte455.207@gateway-sim.edu,GateSim#FTE455_207_1w953y,FTE455,FTE455 - GATE DA Adaptive Readiness,ready_to_join,fast_but_careless,1587
stu_fte455_208,meera.gupta.fte455.208,Meera Gupta,meera.gupta.fte455.208@gateway-sim.edu,GateSim#FTE455_208_10449p,FTE455,FTE455 - GATE DA Adaptive Readiness,ready_to_join,slow_analytical,1658
stu_fte455_209,arjun.malhotra.fte455.209,Arjun Malhotra,arjun.malhotra.fte455.209@gateway-sim.edu,GateSim#FTE455_209_rjqlx3,FTE455,FTE455 - GATE DA Adaptive Readiness,ready_to_join,volatile_practicer,1493
stu_fte455_210,isha.iyer.fte455.210,Isha Iyer,isha.iyer.fte455.210@gateway-sim.edu,GateSim#FTE455_210_133hok,FTE455,FTE455 - GATE DA Adaptive Readiness,ready_to_join,remediation_responder,1686
stu_fte455_211,karan.khan.fte455.211,Karan Khan,karan.khan.fte455.211@gateway-sim.edu,GateSim#FTE455_211_1ic8z1,FTE455,FTE455 - GATE DA Adaptive Readiness,ready_to_join,steady_improver,1400
stu_fte455_212,nisha.bhat.fte455.212,Nisha Bhat,nisha.bhat.fte455.212@gateway-sim.edu,GateSim#FTE455_212_1ak3eb,FTE455,FTE455 - GATE DA Adaptive Readiness,ready_to_join,fast_but_careless,1582
stu_fte455_213,aditya.reddy.fte455.213,Aditya Reddy,aditya.reddy.fte455.213@gateway-sim.edu,GateSim#FTE455_213_18422m,FTE455,FTE455 - GATE DA Adaptive Readiness,ready_to_join,slow_analytical,1630
stu_fte455_214,sara.mehta.fte455.214,Sara Mehta,sara.mehta.fte455.214@gateway-sim.edu,GateSim#FTE455_214_17n1qk,FTE455,FTE455 - GATE DA Adaptive Readiness,ready_to_join,volatile_practicer,1666
stu_fte455_215,dev.pillai.fte455.215,Dev Pillai,dev.pillai.fte455.215@gateway-sim.edu,GateSim#FTE455_215_1629so,FTE455,FTE455 - GATE DA Adaptive Readiness,ready_to_join,remediation_responder,1550
stu_fte455_216,tanya.kapoor.fte455.216,Tanya Kapoor,tanya.kapoor.fte455.216@gateway-sim.edu,GateSim#FTE455_216_trxw7z,FTE455,FTE455 - GATE DA Adaptive Readiness,ready_to_join,steady_improver,1724
stu_fte455_217,rahul.das.fte455.217,Rahul Das,rahul.das.fte455.217@gateway-sim.edu,GateSim#FTE455_217_gdjkxy,FTE455,FTE455 - GATE DA Adaptive Readiness,ready_to_join,fast_but_careless,1340
stu_fte455_218,kavya.agarwal.fte455.218,Kavya Agarwal,kavya.agarwal.fte455.218@gateway-sim.edu,GateSim#FTE455_218_u3mugd,FTE455,FTE455 - GATE DA Adaptive Readiness,ready_to_join,slow_analytical,1500
stu_fte455_219,neil.bose.fte455.219,Neil Bose,neil.bose.fte455.219@gateway-sim.edu,GateSim#FTE455_219_10makv,FTE455,FTE455 - GATE DA Adaptive Readiness,ready_to_join,volatile_practicer,1658
stu_fte455_220,pooja.rao.fte455.220,Pooja Rao,pooja.rao.fte455.220@gateway-sim.edu,GateSim#FTE455_220_15bfqf,FTE455,FTE455 - GATE DA Adaptive Readiness,ready_to_join,remediation_responder,1443
