user_id,persona,n,actual_accuracy,dars_brier,glicko2_brier,brier_delta_glicko_minus_dars,dars_log_loss,glicko2_log_loss,log_loss_delta_glicko_minus_dars,dars_final_rating,glicko2_final_rating,glicko2_final_rd
stu_fte455_146,steady_improver,262,0.6603053435114504,0.23314576571730386,0.24943946328449784,0.016293697567193982,0.6594434607222404,0.6935309683657594,0.03408750764351909,1577.0,1553.731389869802,64.06276248074724
stu_fte455_033,slow_analytical,221,0.583710407239819,0.26277290494992295,0.2781428297838841,0.015369924833961157,0.7307736607173312,0.7590815694520967,0.02830790873476552,1488.0,1457.9004368941498,48.2834401503403
stu_fte455_135,remediation_responder,205,0.5414634146341464,0.26453401107894875,0.27838897104961124,0.013854959970662495,0.7266233457907827,0.7626734142620665,0.03605006847128378,1309.0,1296.557283054786,71.55682632696713
stu_fte455_192,fast_but_careless,249,0.5863453815261044,0.2525956706892329,0.26612590149981247,0.01353023081057958,0.7049099429990702,0.7310146419450568,0.02610469894598666,1525.0,1563.00275584617,69.5205342106785
stu_fte455_132,fast_but_careless,198,0.5707070707070707,0.23429846138352908,0.2475289792739654,0.013230517890436305,0.660554791904423,0.6881856888732109,0.027630896968787844,1382.0,1440.0953154650738,57.08083781717225
stu_fte455_172,fast_but_careless,209,0.5980861244019139,0.2437496949835225,0.25356180805717987,0.00981211307365737,0.6830806070736428,0.7082801180718112,0.025199510998168417,1430.0,1430.0764570253298,49.854922438464605
stu_fte455_016,steady_improver,263,0.6730038022813688,0.20641599298083682,0.21521811219312284,0.00880211921228602,0.6038311089386941,0.6212319882065321,0.017400879267838065,1628.0,1584.191940662744,43.49840524612026
stu_fte455_083,slow_analytical,341,0.6598240469208211,0.21036055551891483,0.21867521283932895,0.008314657320414115,0.6108394326065772,0.6317950561495438,0.02095562354296654,1628.0,1628.2445358430423,54.07653148670118
stu_fte455_061,steady_improver,395,0.7164556962025317,0.18997908170720224,0.19753913278418553,0.007560051076983293,0.5613723737159444,0.578495077924489,0.01712270420854456,1743.0,1634.3361379307369,77.45827383606765
stu_fte455_147,fast_but_careless,280,0.5178571428571429,0.2409094487677052,0.2479616930483754,0.007052244280670195,0.6752614100223121,0.6899196144137681,0.014658204391456042,1318.0,1411.4657652253104,43.08515423750917
stu_fte455_101,steady_improver,434,0.6820276497695853,0.21292666147202904,0.21990698912585582,0.006980327653826779,0.6161438692114319,0.6368368747152244,0.020693005503792494,1704.0,1586.9576383585252,49.528192302079106
stu_fte455_035,remediation_responder,237,0.6033755274261603,0.2436761688688416,0.2499576319744071,0.006281463105565488,0.6867847233749728,0.6975195543005109,0.010734830925538175,1498.0,1518.5750280586685,45.81942162461638
stu_fte455_161,steady_improver,354,0.692090395480226,0.2036524757775831,0.20985613032030026,0.006203654542717152,0.5973327360862594,0.6094129387131875,0.012080202626928105,1733.0,1586.1140193977976,67.17780206795001
stu_fte455_220,remediation_responder,327,0.6116207951070336,0.23183178311527214,0.2377005749152598,0.0058687917999876715,0.6545130630875243,0.6698627443297301,0.015349681242205815,1477.0,1524.5975762313299,61.78400897508817
stu_fte455_019,volatile_practicer,324,0.5524691358024691,0.23848657733287948,0.24400174198484825,0.005515164651968774,0.6698735274836648,0.6831878272507558,0.013314299767090976,1349.0,1375.600647770415,72.21786030520111
stu_fte455_040,remediation_responder,288,0.5486111111111112,0.23800657844134399,0.2431948422665164,0.005188263825172401,0.6681608254973325,0.6809278108220054,0.012766985324672908,1397.0,1462.9047129362507,54.28501651128173
stu_fte455_079,volatile_practicer,277,0.5740072202166066,0.24787390831102377,0.2529734426335247,0.005099534322500959,0.7029740485634812,0.7105102068485252,0.007536158285043948,1579.0,1485.7566511087327,58.15165344177949
stu_fte455_022,fast_but_careless,389,0.570694087403599,0.2525682322716099,0.25690745426616757,0.004339221994557663,0.700812552916394,0.7095603072721738,0.008747754355779791,1426.0,1406.9876393671634,55.88669938793309
stu_fte455_060,remediation_responder,357,0.5770308123249299,0.23756164226955895,0.24188554473412113,0.004323902464562185,0.6690152618510917,0.6791470621812249,0.010131800330133167,1393.0,1455.1708043043602,57.05117615014807
stu_fte455_051,steady_improver,340,0.6852941176470588,0.22128389486270936,0.22557343403740307,0.004289539174693713,0.6442242527698461,0.6500634848007476,0.005839232030901531,1698.0,1535.3341790099114,72.15214628902962
stu_fte455_149,volatile_practicer,260,0.5615384615384615,0.24856776085985113,0.2527947710908045,0.004227010230953371,0.68930974147238,0.698490560311778,0.00918081883939803,1427.0,1420.4923394561238,59.85812638277893
stu_fte455_196,steady_improver,372,0.7096774193548387,0.1951786209833398,0.1993716689738245,0.0041930479904846996,0.5790835692247976,0.5853119636017814,0.006228394376983748,1756.0,1676.987750985503,50.76423119171959
stu_fte455_215,remediation_responder,286,0.5979020979020979,0.23719471186485244,0.24132595414232752,0.004131242277475078,0.6777235272518138,0.6861132456486609,0.008389718396847101,1579.0,1476.9452243987898,50.05055591180042
stu_fte455_010,remediation_responder,419,0.6443914081145584,0.2241771450662942,0.22830286478626338,0.004125719719969195,0.6412837411938032,0.6522684968408053,0.010984755647002187,1582.0,1499.9010393923684,45.35239105532805
stu_fte455_117,fast_but_careless,211,0.5545023696682464,0.2338851842916861,0.23800624589738248,0.004121061605696391,0.6616101722794421,0.6679818853338046,0.006371713054362571,1508.0,1479.1707667031744,48.01416107003975
stu_fte455_130,remediation_responder,328,0.5823170731707317,0.24249726713305342,0.24654172337721622,0.004044456244162803,0.6812892636832123,0.6880322727093966,0.006743009026184299,1490.0,1540.9527807284671,66.28157921379507
stu_fte455_070,remediation_responder,418,0.6483253588516746,0.22241112255015139,0.22637221257568677,0.00396109002553538,0.6362484737711298,0.6447396667333827,0.00849119296225287,1564.0,1516.643541465041,51.523459818334175
stu_fte455_188,slow_analytical,300,0.5933333333333334,0.24289401728131962,0.24682124997058733,0.003927232689267701,0.6803107314783062,0.6866402787833453,0.006329547305039096,1521.0,1528.9175126351613,51.546300207031656
stu_fte455_093,slow_analytical,344,0.622093023255814,0.23621005117448135,0.24008446925817103,0.0038744180836896847,0.6685022322017636,0.6761818622977834,0.007679630096019796,1580.0,1430.4057499694038,78.5789072598548
stu_fte455_184,volatile_practicer,283,0.6537102473498233,0.2377282842803209,0.24141067828973903,0.0036823940094181384,0.6887173876074391,0.6842034048838183,-0.004513982723620802,1672.0,1532.8925552103976,58.3081654142449
stu_fte455_017,fast_but_careless,408,0.5735294117647058,0.23622022139366997,0.23984666315527434,0.003626441761604371,0.6654034025195701,0.675350544599952,0.009947142080381943,1386.0,1408.0799403094147,62.28762048083877
stu_fte455_018,slow_analytical,353,0.6345609065155807,0.22765157462548793,0.23127148735688272,0.003619912731394781,0.6485618033782594,0.6560314185960715,0.007469615217812087,1546.0,1431.2095404877834,54.94433422065079
stu_fte455_170,remediation_responder,389,0.5912596401028277,0.23310475169921552,0.23660385975398399,0.0034991080547684683,0.6567217720582724,0.6647440939457113,0.008022321887438899,1491.0,1527.8145256000396,57.872170821871556
stu_fte455_039,volatile_practicer,379,0.5646437994722955,0.24629261919542955,0.24979027317821187,0.003497653982782317,0.6873991277836006,0.6946915886802617,0.007292460896661135,1492.0,1384.8546388513282,45.11772519238366
stu_fte455_057,fast_but_careless,327,0.5504587155963303,0.23768239257601614,0.24105939524473333,0.003377002668717183,0.6690051222643808,0.6771325290678942,0.008127406803513426,1364.0,1377.2311550224501,59.848711782125825
stu_fte455_046,steady_improver,350,0.6457142857142857,0.22150278389986347,0.22479192702498738,0.0032891431251239056,0.6337326999967499,0.6424944795510704,0.008761779554320559,1575.0,1500.560282111059,59.43545280379748
stu_fte455_081,steady_improver,323,0.5727554179566563,0.23095106590390643,0.23419332906283977,0.003242263158933334,0.6532724215453809,0.6600112815356443,0.006738859990263357,1452.0,1416.9234828561946,42.03892053445861
stu_fte455_078,slow_analytical,290,0.6344827586206897,0.21197976907931834,0.21471855323099762,0.0027387841516792744,0.6113935512855773,0.6181382675911957,0.006744716305618459,1545.0,1554.288331152537,40.62306227416303
stu_fte455_044,volatile_practicer,350,0.5114285714285715,0.2632712138396284,0.26593277009058064,0.002661556250952213,0.7243854810147439,0.730683733413244,0.006298252398500126,1312.0,1412.187452217215,42.19188956492796
stu_fte455_073,slow_analytical,252,0.6388888888888888,0.2308503965426847,0.2334562070243531,0.0026058104816684136,0.6583737217104881,0.6607841725328589,0.002410450822370791,1592.0,1571.4448324674624,46.599055410312964
stu_fte455_112,fast_but_careless,254,0.5,0.24732013746090964,0.2498260769576599,0.0025059394967502646,0.6890347125460858,0.6936230174146956,0.004588304868609727,1329.0,1413.6583318538535,55.57140913520192
stu_fte455_206,steady_improver,385,0.6,0.22854157930619937,0.23104102859340644,0.0024994492872070784,0.6476185258981326,0.6526690442466015,0.005050518348468924,1468.0,1495.169331270015,57.93203626678107
stu_fte455_123,slow_analytical,400,0.695,0.21186276688863018,0.21435205505128316,0.0024892881626529806,0.6158337990511302,0.6230995085237186,0.007265709472588422,1621.0,1553.8821146916712,59.27200935789425
stu_fte455_043,slow_analytical,255,0.596078431372549,0.22430874471472834,0.2267910959162689,0.0024823512015405558,0.6384225300988048,0.6424269564866159,0.004004426387811066,1435.0,1565.2485809731804,48.35215695814976
stu_fte455_152,fast_but_careless,202,0.5247524752475248,0.24726096504083903,0.24972287593966352,0.0024619108988244987,0.689318413930825,0.6962258107916002,0.006907396860775128,1254.0,1349.3909073132495,57.025204418190725
stu_fte455_125,remediation_responder,216,0.6666666666666666,0.21940821318857445,0.22176897975602494,0.0023607665674504896,0.6302849500810542,0.6340286740837074,0.003743724002653215,1611.0,1575.1101786149125,49.25634735821308
stu_fte455_084,volatile_practicer,273,0.5824175824175825,0.22611550882411455,0.2284585563832418,0.0023430475591272593,0.6420586195118785,0.6471026667358457,0.00504404722396723,1468.0,1464.947165901065,52.21040482931391
stu_fte455_141,steady_improver,309,0.7119741100323624,0.19009131574407337,0.19239377875280192,0.0023024630087285503,0.5617335338179159,0.5669530212633742,0.005219487445458304,1673.0,1613.4865731041584,43.67085161808723
stu_fte455_158,slow_analytical,247,0.6234817813765182,0.2152161374996573,0.21745462392205725,0.00223848642239996,0.6217332558459121,0.624776778584045,0.003043522738132909,1591.0,1546.3568218967612,49.73708473125149
stu_fte455_028,slow_analytical,317,0.6182965299684543,0.23359969037220343,0.23583301611804283,0.0022333257458393985,0.6603797265820351,0.6666192075028556,0.006239480920820495,1483.0,1490.251681795478,50.24940053477121
stu_fte455_126,steady_improver,397,0.6347607052896725,0.21634785479836502,0.21856957665124924,0.0022217218528842175,0.620135216880398,0.6250821341099709,0.004946917229572967,1569.0,1525.359880775956,57.07177685798294
stu_fte455_025,remediation_responder,196,0.5969387755102041,0.24683538470032088,0.24893445717223098,0.0020990724719101017,0.6945895498475494,0.6955618294303306,0.0009722795827812325,1495.0,1485.4473314372908,30.0
stu_fte455_053,slow_analytical,410,0.6414634146341464,0.21361522667281746,0.21557539804065415,0.0019601713678366883,0.6150934793960066,0.618090066867638,0.002996587471631451,1533.0,1463.4787776275828,42.87903049124734
stu_fte455_139,volatile_practicer,255,0.5686274509803921,0.24264663035510617,0.24458654274545436,0.0019399123903481863,0.6806616525350058,0.684197304179857,0.0035356516448512565,1523.0,1498.7149531226228,35.73598587285928
stu_fte455_159,volatile_practicer,340,0.5176470588235295,0.23761875719752476,0.2395494190120368,0.0019306618145120413,0.6672364170622578,0.6716582987762939,0.004421881714036124,1300.0,1217.4141940608388,67.44046719354631
stu_fte455_008,slow_analytical,210,0.6,0.24520878590386086,0.24708595888227797,0.0018771729784171076,0.6853264560247067,0.6893224192437379,0.003995963219031284,1525.0,1529.0312776845574,51.00775492112791
stu_fte455_190,remediation_responder,433,0.6466512702078522,0.2338236860923589,0.23559508144700964,0.0017713953546507344,0.6581422748130201,0.6632991323187387,0.005156857505718593,1498.0,1563.9991319731625,50.655657543574186
stu_fte455_162,fast_but_careless,355,0.5492957746478874,0.24340284687124042,0.24507486349111526,0.0016720166198748443,0.6811612299557418,0.6850628179046699,0.0039015879489281424,1319.0,1419.2051077456185,53.16158514269837
stu_fte455_030,remediation_responder,315,0.5873015873015873,0.23236885927344733,0.23401452332502928,0.001645664051581952,0.6560242045266583,0.6593553682473487,0.003331163720690422,1509.0,1445.0127875614546,45.41156996085899
stu_fte455_007,fast_but_careless,312,0.5576923076923077,0.23595880392999805,0.23740596606249184,0.0014471621324937955,0.664674407519724,0.6676350226900862,0.0029606151703622796,1344.0,1391.9675438453453,53.096721897534984
stu_fte455_047,fast_but_careless,258,0.5775193798449613,0.23481215328638858,0.23622928107020685,0.0014171277838182783,0.663630650693278,0.6669022067025104,0.003271556009232457,1445.0,1461.2202680517064,56.505024923468135
stu_fte455_218,slow_analytical,363,0.6418732782369146,0.22037647332667934,0.22176144179740137,0.0013849684707220311,0.6332420905606281,0.6383374914526001,0.005095400891972024,1577.0,1479.157967194105,58.757941994015354
stu_fte455_150,remediation_responder,354,0.556497175141243,0.235644552131774,0.23697908691572872,0.0013345347839547328,0.6638941002444299,0.6659566736173005,0.0020625733728706352,1466.0,1423.516669384684,42.64713280562839
stu_fte455_194,volatile_practicer,382,0.5706806282722513,0.22676083880878062,0.22807723757058837,0.0013163987618077522,0.6450141155657206,0.6472283781169609,0.0022142625512402425,1372.0,1379.5588737100286,42.88915581842906
stu_fte455_115,remediation_responder,315,0.6825396825396826,0.2017851591597761,0.20308687999031488,0.0013017208305387828,0.5894972618592356,0.5925276587236761,0.00303039686444051,1590.0,1599.720280856704,48.29513330811263
stu_fte455_107,fast_but_careless,373,0.5495978552278821,0.2420951799421324,0.2433903256155108,0.0012951456733784061,0.6803293898967139,0.6820656867122401,0.0017362968155262282,1417.0,1440.7017724195225,50.74440271880696
stu_fte455_197,fast_but_careless,212,0.589622641509434,0.24596616732709586,0.2472335145872141,0.0012673472601182345,0.6973958245436609,0.6928450239539494,-0.004550800589711468,1477.0,1472.2637957512636,50.00690398448947
stu_fte455_114,volatile_practicer,227,0.5859030837004405,0.2501605711362618,0.2512944603402004,0.0011338892039386428,0.6970157228771661,0.6975295501180062,0.0005138272408401479,1543.0,1480.0878411055332,46.43481036580597
stu_fte455_116,steady_improver,435,0.7195402298850575,0.19388070804171148,0.19500541494312038,0.001124706901408895,0.578015743058,0.5793774256753653,0.0013616826173653562,1715.0,1582.5070527742282,51.37596713134518
stu_fte455_097,fast_but_careless,431,0.5522041763341067,0.2364078468057975,0.23732963535740487,0.0009217885516073776,0.6657416423646784,0.667111679788031,0.0013700374233526214,1456.0,1450.0360288683426,45.99871646787769
stu_fte455_133,slow_analytical,345,0.6521739130434783,0.22259298763431623,0.22347211164434383,0.0008791240100275988,0.6366011645670179,0.6384202189731725,0.0018190544061545966,1563.0,1508.6164406070586,47.437855582245305
stu_fte455_179,volatile_practicer,411,0.5766423357664233,0.23409619033839285,0.23481858860555932,0.0007223982671664686,0.6600278667871495,0.6621018557439414,0.0020739889567918945,1466.0,1450.4548561565093,49.06131381702564
stu_fte455_166,steady_improver,329,0.6778115501519757,0.20512682605956964,0.20578756258334008,0.0006607365237704388,0.5962245621945177,0.5981492387748418,0.0019246765803241361,1635.0,1620.9362078336594,44.9726357875584
stu_fte455_020,remediation_responder,258,0.6162790697674418,0.22968211842024994,0.23031160507050552,0.000629486650255584,0.6511677817805722,0.6531428848407996,0.0019751030602274122,1597.0,1541.3070907065596,70.42092570579773
stu_fte455_140,remediation_responder,385,0.638961038961039,0.22225678655288414,0.22239280771287806,0.00013602115999392095,0.633302178743297,0.6336395403416357,0.0003373615983387479,1486.0,1484.6945275754413,47.148933222002064
stu_fte455_063,slow_analytical,255,0.5882352941176471,0.23253897910817595,0.23259759324478366,5.8614136607709755e-05,0.6547107051448381,0.6542741061193058,-0.00043659902553228047,1460.0,1496.0854391806954,49.924677656149456
stu_fte455_067,fast_but_careless,319,0.5329153605015674,0.23600855891160222,0.23606262185941643,5.4062947814209616e-05,0.6652618249057237,0.665233228678252,-2.8596227471755498e-05,1341.0,1369.3957913953625,31.88656937660553
stu_fte455_004,volatile_practicer,322,0.5745341614906833,0.24539253572788558,0.24535829237903722,-3.4243348848356225e-05,0.6852852468447258,0.6849514854517219,-0.0003337613930038952,1444.0,1426.8303979580107,43.065422895712075
stu_fte455_002,fast_but_careless,307,0.5732899022801303,0.24719849460044924,0.24708853496972372,-0.00010995963072552017,0.6907042608042445,0.6889476521575821,-0.0017566086466623831,1447.0,1454.6172571656193,30.0
stu_fte455_037,fast_but_careless,227,0.5859030837004405,0.2407907514253827,0.2406217101180241,-0.00016904130735859169,0.6750987430142482,0.6745584360995026,-0.000540306914745603,1434.0,1436.9252297257322,30.0
stu_fte455_205,remediation_responder,199,0.542713567839196,0.22209827697548443,0.22190429355564426,-0.0001939834198401713,0.6341933894169169,0.633678149202542,-0.0005152402143749901,1377.0,1437.5520265871855,32.87814952155233
stu_fte455_086,steady_improver,346,0.6242774566473989,0.2286815851059942,0.22846365159314785,-0.0002179335128463522,0.6503097611520945,0.6496222790651461,-0.0006874820869483544,1527.0,1479.0908834739123,41.2361800894124
stu_fte455_155,remediation_responder,446,0.5919282511210763,0.22947586658824518,0.22919334587784781,-0.0002825207103973604,0.6505803595668915,0.650590798210253,1.0438643361476707e-05,1425.0,1400.4258586027508,46.26938102498295
stu_fte455_005,remediation_responder,218,0.6192660550458715,0.21619950173608724,0.21589432084692073,-0.00030518088916650643,0.621331718938978,0.6208545206611866,-0.0004771982777913575,1458.0,1465.535881470155,30.410627893037727
stu_fte455_049,volatile_practicer,364,0.6318681318681318,0.23646154777539716,0.2360949593323142,-0.00036658844308296024,0.6707257135519777,0.6696679361915437,-0.001057777360433998,1519.0,1454.767680898943,45.01092886565795
stu_fte455_090,remediation_responder,299,0.5819397993311036,0.23801558865094546,0.23740362234876922,-0.0006119663021762478,0.668388570170272,0.6677326848028722,-0.0006558853673998,1388.0,1389.2153121923693,60.96155287565598
stu_fte455_209,volatile_practicer,283,0.5901060070671378,0.23563268090246106,0.23501459553308282,-0.0006180853693782407,0.662617304138027,0.6611182677372772,-0.0014990364007497758,1509.0,1469.800957390812,30.0
stu_fte455_167,fast_but_careless,234,0.5641025641025641,0.23079863337066256,0.2300489834061818,-0.0007496499644807642,0.654887960195915,0.6531396826351977,-0.0017482775607172707,1431.0,1442.8879220306917,40.448287973588066
stu_fte455_102,fast_but_careless,265,0.4981132075471698,0.24214160093663975,0.24128967684758057,-0.0008519240890591806,0.6790007649822405,0.6754373074402004,-0.003563457542040127,1277.0,1443.868375137366,48.4153283211573
stu_fte455_106,steady_improver,319,0.768025078369906,0.1874785599371228,0.1865236248056698,-0.0009549351314530052,0.5747545882039663,0.5653136408837094,-0.00944094732025691,1863.0,1647.027900276984,63.008003485007364
stu_fte455_023,slow_analytical,210,0.7047619047619048,0.21074489833125531,0.2097786066950282,-0.0009662916362271068,0.6222840168037571,0.6084186563099703,-0.013865360493786838,1794.0,1632.7900481874797,49.75502948655327
stu_fte455_186,steady_improver,416,0.6201923076923077,0.23769004184233916,0.23654936327951578,-0.0011406785628233773,0.6691552816595655,0.6662760365674365,-0.0028792450921290014,1469.0,1496.7817913320578,50.57175641262305
stu_fte455_048,slow_analytical,384,0.7265625,0.19454194859326876,0.19338321706203052,-0.001158731531238244,0.5879760236296149,0.5730010288400641,-0.014974994789550777,1807.0,1575.4736078511617,55.812094148398515
stu_fte455_113,slow_analytical,201,0.5373134328358209,0.25848626233837857,0.25708901423038816,-0.001397248107990412,0.7117336942061281,0.7085572837012205,-0.0031764105049075786,1469.0,1456.1404476226644,30.0
stu_fte455_036,steady_improver,262,0.7251908396946565,0.1913451432716903,0.18979846436508216,-0.0015466789066081454,0.564926373965215,0.5599367147978331,-0.00498965916738181,1597.0,1593.8989683284647,48.225755332638194
stu_fte455_134,volatile_practicer,367,0.5367847411444142,0.23928341513812226,0.23767988866447148,-0.0016035264736507793,0.6704682698718372,0.6674270873945372,-0.0030411824773000085,1427.0,1378.1157067034949,55.41531345486078
stu_fte455_109,volatile_practicer,265,0.5471698113207547,0.25517911900963547,0.2535087486543418,-0.00167037035529366,0.7049570641359342,0.7016533741812913,-0.003303689954642919,1328.0,1411.0509537120033,51.65908873138868
stu_fte455_151,steady_improver,397,0.672544080604534,0.22579207210847738,0.2240911763761125,-0.001700895732364871,0.6573296256859619,0.6425553492631197,-0.014774276422842125,1769.0,1527.987214922595,49.10345812745728
stu_fte455_201,steady_improver,444,0.7252252252252253,0.19614008839500927,0.19419329173373884,-0.001946796661270428,0.5747121300683169,0.5701615246478321,-0.004550605420484799,1662.0,1585.6808485413048,39.35273151539294
stu_fte455_160,remediation_responder,202,0.5594059405940595,0.23432024010835295,0.23233326274091912,-0.0019869773674338342,0.660904120190387,0.6563389138074639,-0.004565206382923126,1407.0,1472.281451711032,54.74017226458436
stu_fte455_074,volatile_practicer,416,0.53125,0.22707008998459108,0.22499155307574029,-0.002078536908850792,0.645614461347839,0.6407863438875037,-0.0048281174603352905,1292.0,1378.1007433627528,38.00356133077744
stu_fte455_176,steady_improver,309,0.6731391585760518,0.20917987653531256,0.20705263306338592,-0.0021272434719266375,0.6078634329787601,0.6036888173158865,-0.004174615662873582,1544.0,1609.3788316722605,52.45734015957771
stu_fte455_062,fast_but_careless,199,0.5628140703517588,0.24210805284536357,0.23995816343895565,-0.0021498894064079233,0.6779914234634972,0.6727794866498775,-0.005211936813619644,1506.0,1480.1546300519756,30.0
stu_fte455_175,remediation_responder,314,0.6401273885350318,0.24410921126526192,0.24183397556013533,-0.0022752357051265826,0.7071987916718504,0.6829316105586577,-0.024267181113192704,1736.0,1541.2828064107575,45.68264927934452
stu_fte455_032,fast_but_careless,414,0.5193236714975845,0.25142368103956503,0.24902802779359534,-0.0023956532459696867,0.6987228025768599,0.6926611041489786,-0.00606169842788129,1276.0,1406.0049361897197,50.72960642030217
stu_fte455_148,slow_analytical,381,0.6587926509186351,0.22674901578623247,0.2241038613714804,-0.0026451544147520767,0.6505108943636607,0.6393414781585219,-0.011169416205138782,1697.0,1547.374009542001,59.80255029670009
stu_fte455_065,remediation_responder,420,0.6190476190476191,0.23384877767788284,0.23109176777517138,-0.002757009902711466,0.666393577752645,0.6540954485107869,-0.012298129241858025,1607.0,1413.3863931529786,58.77600784245977
stu_fte455_156,steady_improver,338,0.6183431952662722,0.23606108438046017,0.2331255344984038,-0.002935549882056354,0.6638071932537415,0.6579661714197188,-0.005841021834022686,1489.0,1507.947384186958,55.90263502914439
stu_fte455_138,slow_analytical,306,0.5980392156862745,0.2401000323991996,0.23716362666502175,-0.0029364057341778604,0.6731487699916118,0.6681612952667084,-0.004987474724903351,1379.0,1415.2852498536258,53.49746995501841
stu_fte455_174,volatile_practicer,228,0.5833333333333334,0.23613520675736285,0.23296962576457328,-0.003165580992789574,0.6657269403079724,0.6587789850204727,-0.006947955287499696,1490.0,1479.9507735933228,54.98891703294131
stu_fte455_217,fast_but_careless,414,0.5410628019323671,0.2450151416552232,0.24176568613659075,-0.0032494555186324547,0.6853870448288422,0.6765380040112747,-0.008849040817567433,1278.0,1379.5504561536734,47.67570385143252
stu_fte455_069,volatile_practicer,419,0.5918854415274463,0.2403643805759918,0.23688095434297327,-0.003483426233018533,0.6777947271174154,0.6672395376467255,-0.010555189470689896,1540.0,1387.5903166356363,52.20624658735673
stu_fte455_055,remediation_responder,335,0.6029850746268657,0.23525775379192954,0.2317155961630246,-0.003542157628904946,0.6623037473401467,0.654996785504318,-0.007306961835828796,1442.0,1462.2501600637163,30.0
stu_fte455_089,volatile_practicer,421,0.5439429928741093,0.2550084014479159,0.2511567446949756,-0.0038516567529403023,0.7060445876371576,0.6982932853892909,-0.007751302247866687,1415.0,1446.5213044048096,43.567666108790306
stu_fte455_026,steady_improver,319,0.677115987460815,0.22044608864970838,0.21656435066165008,-0.003881737988058298,0.638930490275134,0.625647336684735,-0.013283153590399,1695.0,1571.6750771680272,47.27963310628217
stu_fte455_054,volatile_practicer,209,0.5885167464114832,0.2502595969354413,0.24635652776407416,-0.0039030691713671517,0.702247418626421,0.6906355084421376,-0.011611910184283425,1563.0,1478.1489658256544,30.0
stu_fte455_021,steady_improver,318,0.6729559748427673,0.2126774247927076,0.2086825983836928,-0.003994826409014801,0.6131731048854716,0.6036328555387047,-0.009540249346766894,1548.0,1611.958818054242,46.01717500629814
stu_fte455_169,volatile_practicer,199,0.5175879396984925,0.23766777974011585,0.2335402796576641,-0.004127500082451746,0.6715575293356272,0.6613268541357672,-0.010230675199859984,1439.0,1405.5816275777734,30.0
stu_fte455_131,steady_improver,406,0.6945812807881774,0.21138672517200763,0.20725465550039476,-0.004132069671612865,0.6204205615272057,0.6027864799733718,-0.017634081553833947,1746.0,1556.586958806916,55.033902138626665
stu_fte455_153,slow_analytical,200,0.7,0.20448499021704733,0.20021235131663567,-0.004272638900411657,0.6016170445731519,0.5878728425929064,-0.013744201980245507,1699.0,1576.2834086992093,31.380310270520752
stu_fte455_119,volatile_practicer,343,0.5830903790087464,0.23534673197525335,0.23089058727829717,-0.004456144696956182,0.661735203358816,0.6532780909220127,-0.008457112436803249,1355.0,1432.9453851862902,45.70167518476342
stu_fte455_180,remediation_responder,213,0.6431924882629108,0.21943008458539226,0.21486046733599115,-0.004569617249401109,0.6292158020575305,0.6184100493491899,-0.01080575270834061,1617.0,1539.3408556992915,30.0
stu_fte455_003,slow_analytical,306,0.5751633986928104,0.24789974654368926,0.24327454112125838,-0.004625205422430889,0.6888030417403422,0.6800882069234678,-0.008714834816874406,1373.0,1437.6521038976507,51.24298135769651
stu_fte455_165,remediation_responder,241,0.6804979253112033,0.22983127550527416,0.22512094581321626,-0.004710329692057896,0.6726972201979656,0.6467103342203282,-0.02598688597763743,1753.0,1596.2723159218808,54.82876591529032
stu_fte455_118,slow_analytical,285,0.6070175438596491,0.22948391289312908,0.22473852724560342,-0.004745385647525663,0.6459193120150771,0.6362501320244021,-0.00966917999067507,1565.0,1460.9096322689136,38.10734788756916
stu_fte455_009,volatile_practicer,309,0.6213592233009708,0.2538954728589716,0.24866463620409993,-0.005230836654871701,0.7268040024602965,0.6956076766065308,-0.03119632585376575,1689.0,1553.6557025804407,50.8117624220664
stu_fte455_096,steady_improver,234,0.6581196581196581,0.22764482084372337,0.221607311850366,-0.006037508993357366,0.6588870191198675,0.638242994732319,-0.02064402438754842,1720.0,1465.0945763563457,57.39980306833378
stu_fte455_059,volatile_practicer,352,0.5454545454545454,0.2470175096107398,0.24096523424967486,-0.006052275361064924,0.6893797946900352,0.6743667694339551,-0.01501302525608006,1315.0,1400.6739155835742,43.22475830141954
stu_fte455_011,steady_improver,228,0.6271929824561403,0.24721758086914772,0.2410148626878383,-0.006202718181309408,0.7008569582642242,0.6775615999644604,-0.023295358299763813,1671.0,1537.7934806143028,63.650528791232325
stu_fte455_168,slow_analytical,407,0.6855036855036855,0.21557920636345002,0.20934952382759642,-0.006229682535853598,0.6305187203712127,0.6080906687416885,-0.022428051629524215,1786.0,1637.2489928597133,57.007974659718236
stu_fte455_193,slow_analytical,219,0.5707762557077626,0.24584750527622912,0.23956897942191366,-0.006278525854315459,0.6878442115121414,0.6744629885505575,-0.013381222961583839,1368.0,1439.167347916879,51.43419223535807
stu_fte455_110,remediation_responder,351,0.6182336182336182,0.24674714324977784,0.24019655240832097,-0.006550590841456871,0.7000651437313573,0.6740446167941168,-0.02602052693724055,1672.0,1523.854753484711,60.91265073982192
stu_fte455_111,steady_improver,263,0.714828897338403,0.20221346166891452,0.19556720752452805,-0.006646254144386465,0.6031758629328365,0.5785951441146726,-0.024580718818163927,1781.0,1541.1021144223039,60.260045504289856
stu_fte455_058,slow_analytical,265,0.6415094339622641,0.2462231771515952,0.23940503894656492,-0.006818138205030272,0.6882357287116179,0.6763962991478393,-0.011839429563778592,1469.0,1519.384687026577,37.96214488496415
stu_fte455_076,steady_improver,390,0.6717948717948717,0.21478894840988655,0.20786113108842713,-0.006927817321459417,0.6167179744295638,0.6015423597728928,-0.015175614656670944,1545.0,1593.5479930556746,56.35012959863956
stu_fte455_129,volatile_practicer,358,0.5810055865921788,0.23630180032294487,0.22933814369690336,-0.006963656626041509,0.6685109426140076,0.6500528905557756,-0.018458052058231922,1491.0,1346.1253815998227,50.37654870201153
stu_fte455_183,slow_analytical,355,0.5802816901408451,0.2478637176323895,0.24084451433299797,-0.007019203299391541,0.6890867575171544,0.6732790647991732,-0.015807692717981214,1408.0,1578.7694338986726,54.065579115225454
stu_fte455_075,remediation_responder,389,0.6066838046272494,0.23551721768692893,0.22842507064850495,-0.007092147038423979,0.6641369212238423,0.6484863499613214,-0.015650571262520896,1448.0,1564.4897775001155,64.66102374246805
stu_fte455_085,remediation_responder,409,0.5623471882640587,0.23766988351980803,0.23043513599880316,-0.007234747521004864,0.669183404750525,0.6518631515535502,-0.017320253196974722,1540.0,1471.7432344053927,42.99115456212525
stu_fte455_137,fast_but_careless,411,0.5644768856447688,0.26513498343244746,0.25773209880898756,-0.007402884623459893,0.7395344981242168,0.7176843252273091,-0.021850172896907716,1525.0,1349.972240805774,46.752679974163314
stu_fte455_154,volatile_practicer,426,0.6643192488262911,0.23777352406920624,0.23034465573431515,-0.007428868334891092,0.7035411346852961,0.656532391006075,-0.04700874367922114,1755.0,1501.3955761858092,52.591861237052235
stu_fte455_103,slow_analytical,427,0.6814988290398126,0.2211144586823946,0.21306144969668925,-0.008053008985705351,0.6488408871527391,0.617162959607361,-0.031677927545378126,1738.0,1512.0137088325869,49.62261935870021
stu_fte455_027,fast_but_careless,383,0.556135770234987,0.24251223753290013,0.23438271442764347,-0.008129523105256664,0.6787681858185403,0.6613661395990791,-0.017402046219461176,1487.0,1455.2501833260244,47.20274831417619
stu_fte455_216,steady_improver,361,0.6952908587257618,0.23644310829133985,0.22757755119151288,-0.008865557099826976,0.7192544909059778,0.6502293184944675,-0.0690251724115103,1867.0,1533.2986824207205,76.72140862552236
stu_fte455_191,steady_improver,477,0.6561844863731656,0.23471923922639457,0.2257103937224587,-0.009008845503935853,0.6614850538756131,0.6432034178222613,-0.018281636053351757,1481.0,1510.5694293952718,48.90133825496787
stu_fte455_202,fast_but_careless,373,0.5603217158176944,0.25129541172943776,0.24223451638124044,-0.009060895348197318,0.7001710988615115,0.6773873748819739,-0.02278372397953765,1508.0,1459.1090346910946,35.69996711158915
stu_fte455_042,fast_but_careless,318,0.6069182389937107,0.26217293690225835,0.2527622147220107,-0.009410722180247633,0.7485043595514663,0.7045913696063161,-0.04391298994515025,1601.0,1496.099191154962,44.809005616563084
stu_fte455_213,slow_analytical,310,0.635483870967742,0.2339681171411327,0.2244891257449051,-0.009478991396227598,0.6608481402449716,0.6371974553112992,-0.023650684933672395,1672.0,1540.1214719460559,40.30691376676338
stu_fte455_120,remediation_responder,337,0.629080118694362,0.23742022349674802,0.2279303416739938,-0.009489881822754204,0.6765325547614879,0.6475377552882919,-0.028994799473195942,1656.0,1462.8125060293996,56.709079718480226
stu_fte455_108,slow_analytical,231,0.6406926406926406,0.25743146326104904,0.24793547478844924,-0.009495988472599803,0.7514547750951316,0.6999831112230412,-0.051471663872090345,1761.0,1544.8911461132504,48.09504791362236
stu_fte455_143,slow_analytical,234,0.6923076923076923,0.21879567305869232,0.20914718100549662,-0.009648492053195706,0.6482429811375513,0.6068732465726305,-0.04136973456492077,1773.0,1498.5204496772842,52.837261124352736
stu_fte455_092,fast_but_careless,417,0.5515587529976019,0.24704360791660532,0.2370459695159591,-0.009997638400646214,0.6889405541270798,0.6683081726958252,-0.020632381431254565,1212.0,1347.3496433720286,42.86672480660655
stu_fte455_124,volatile_practicer,227,0.5154185022026432,0.2613761530324872,0.25119915497576617,-0.01017699805672101,0.7178923648895909,0.6964067707985707,-0.021485594091020133,1473.0,1397.2445641587317,41.467952654495726
stu_fte455_088,slow_analytical,445,0.6584269662921348,0.23659448962721355,0.22609350450444965,-0.0105009851227639,0.6909374463010685,0.6446792064878848,-0.046258239813183666,1724.0,1515.0191839022677,50.7664363813806
stu_fte455_173,slow_analytical,346,0.661849710982659,0.22680133218581675,0.21621682468379094,-0.010584507502025803,0.6551747730847691,0.6225664275559296,-0.03260834552883951,1729.0,1501.3418843857244,57.47084858038222
stu_fte455_185,remediation_responder,336,0.6071428571428571,0.24515718351952556,0.2342620659847555,-0.010895117534770071,0.6896717193253972,0.6599116558633384,-0.029760063462058728,1629.0,1486.5287867252916,30.0
stu_fte455_014,volatile_practicer,402,0.582089552238806,0.25142791264168274,0.23960757169430494,-0.0118203409473778,0.7111640551632238,0.6735062138472825,-0.0376578413159413,1602.0,1379.5577556726173,53.3458611632692
stu_fte455_198,slow_analytical,391,0.6675191815856778,0.2278213585157115,0.21568881259746459,-0.012132545918246918,0.6593739692452293,0.621720403455468,-0.03765356578976131,1695.0,1494.1979658741484,61.9705568740379
stu_fte455_041,steady_improver,363,0.7300275482093664,0.21374618393643083,0.20101137391743373,-0.012734810018997095,0.6514895016483206,0.5955838767644602,-0.055905624883860416,1832.0,1661.4495823883333,51.253194453837494
stu_fte455_212,fast_but_careless,258,0.5581395348837209,0.2562735450339888,0.2432958842125402,-0.012977660821448606,0.7112581201284323,0.6790222777173874,-0.032235842411044824,1556.0,1467.7934416679223,41.009488097079796
stu_fte455_128,slow_analytical,353,0.56657223796034,0.25002819931143067,0.23692743518628373,-0.013100764125146935,0.6936678951311526,0.6695751299637076,-0.024092765167444963,1352.0,1516.8161530272437,39.613678532290365
stu_fte455_163,slow_analytical,422,0.590047393364929,0.24830829403533605,0.234711743110007,-0.013596550925329048,0.6900789918572092,0.6616504906252783,-0.02842850123193097,1366.0,1454.3776165737024,33.808102252604755
stu_fte455_199,volatile_practicer,244,0.5983606557377049,0.26165892274896274,0.24726759049962463,-0.014391332249338112,0.7372023542175609,0.6916599855425157,-0.04554236867504513,1628.0,1494.7112636738711,50.49002074074606
stu_fte455_013,slow_analytical,237,0.6160337552742616,0.25273823110276294,0.2382511950707853,-0.014487036031977651,0.699071296770438,0.6682570559099208,-0.030814240860517206,1387.0,1526.4931389590183,59.194336971867244
stu_fte455_171,steady_improver,349,0.7134670487106017,0.21983670524194537,0.20532747594369027,-0.0145092292982551,0.6624342148296367,0.6038731255142754,-0.0585610893153613,1822.0,1669.6419947155334,72.64994732419689
stu_fte455_066,steady_improver,396,0.6186868686868687,0.24741430692517866,0.23280240129969304,-0.014611905625485616,0.6886680570287212,0.657731145307103,-0.030936911721618277,1406.0,1492.4750288534547,55.03491769918871
stu_fte455_031,steady_improver,298,0.697986577181208,0.2264348428565764,0.21154127186846544,-0.014893570988110949,0.6809523720172646,0.6175656131828464,-0.06338675883441813,1829.0,1598.9064489267164,48.4962224834398
stu_fte455_178,slow_analytical,459,0.6209150326797386,0.23923971954258547,0.22417692983799262,-0.01506278970459285,0.6803084865918445,0.6392952124710052,-0.04101327412083933,1642.0,1488.0491725090183,42.41781320718779
stu_fte455_207,fast_but_careless,243,0.5596707818930041,0.25730612064045644,0.24223398317553585,-0.015072137464920587,0.7197679396344145,0.6793440316912375,-0.04042390794317707,1548.0,1518.7098684243608,46.98981022946882
stu_fte455_082,fast_but_careless,406,0.603448275862069,0.25896913273082894,0.24378828212427922,-0.015180850606549723,0.7318159791270289,0.6831993763243708,-0.048616602802658115,1608.0,1492.3656477372972,50.85741645147932
stu_fte455_045,remediation_responder,214,0.6588785046728972,0.24080164557040226,0.22548374198381915,-0.01531790358658311,0.7056162062125939,0.6448263959969045,-0.06078981021568941,1774.0,1597.7522254374292,59.33606086305217
stu_fte455_100,remediation_responder,374,0.5775401069518716,0.26092075178935037,0.2455800591306962,-0.015340692658654176,0.7175156745752576,0.6846263002221663,-0.03288937435309125,1327.0,1411.7115713427556,52.56349782483895
stu_fte455_050,remediation_responder,286,0.6258741258741258,0.2623219762164409,0.24675525664187026,-0.01556671957457062,0.7201152891720761,0.688598488466374,-0.031516800705702175,1371.0,1513.4825003523206,44.96511828862546
stu_fte455_001,steady_improver,363,0.6721763085399449,0.23271207965316582,0.21647598186825423,-0.016236097784911585,0.656933470470659,0.6217417071071597,-0.03519176336349927,1445.0,1535.9529798848823,46.10987565041292
stu_fte455_095,remediation_responder,311,0.6816720257234726,0.23809979980177248,0.22150274048776292,-0.016597059314009566,0.7054391900281781,0.6361885699468406,-0.06925062008133753,1821.0,1599.6399606874886,53.361492457668625
stu_fte455_080,remediation_responder,220,0.6954545454545454,0.23020709107979806,0.2132452731971206,-0.01696181788267745,0.6862481717615644,0.6165901605836922,-0.06965801117787218,1779.0,1565.2139599068175,46.89403901134857
stu_fte455_071,steady_improver,392,0.7117346938775511,0.22079143564631304,0.20382740724470677,-0.016964028401606268,0.6621626348969101,0.5950553446420378,-0.06710729025487228,1904.0,1662.8934867803753,56.94728601628718
stu_fte455_181,steady_improver,201,0.7014925373134329,0.23763595912630156,0.2201876206423227,-0.017448338483978865,0.6673970867572661,0.6359340520796114,-0.031463034677654655,1424.0,1424.0109055799924,65.56415181521884
stu_fte455_006,steady_improver,203,0.6157635467980296,0.26822973647893783,0.2504731348143192,-0.01775660166461862,0.7322339680583664,0.6974804855776058,-0.0347534824807606,1344.0,1496.5805225771783,51.860295686370854
stu_fte455_094,volatile_practicer,391,0.5601023017902813,0.2643748623943293,0.24632629510015988,-0.0180485672941694,0.7387513203010677,0.688264404247698,-0.050486916053369746,1575.0,1452.4480212985743,53.513927098456676
stu_fte455_091,steady_improver,415,0.6144578313253012,0.24903861380061668,0.23073437751044976,-0.01830423629016692,0.6923507577075486,0.6526307544877503,-0.039720003219798294,1402.0,1503.586406714402,48.75360569397794
stu_fte455_127,fast_but_careless,357,0.6106442577030813,0.24954330429201108,0.23110513499027274,-0.018438169301738333,0.7061340798766276,0.6542978809675905,-0.05183619890903712,1676.0,1480.793415267233,57.796770609881165
stu_fte455_056,steady_improver,345,0.6347826086956522,0.2555424283727028,0.2368417989225816,-0.018700629450121214,0.7061092856183082,0.669375574887897,-0.036733710730411206,1427.0,1463.9880285366335,55.20443614006985
stu_fte455_098,slow_analytical,392,0.6147959183673469,0.24893505732970841,0.22966201627988683,-0.019273041049821582,0.7040588918273494,0.6512081440721604,-0.05285074775518894,1658.0,1470.5802786029562,53.79212783633237
stu_fte455_068,slow_analytical,207,0.6714975845410628,0.24634211033003814,0.22666300878985157,-0.019679101540186567,0.7277443062834998,0.6493107804223316,-0.07843352586116825,1731.0,1427.9623827826986,63.0315941837661
stu_fte455_211,steady_improver,317,0.6813880126182965,0.22652138951147707,0.20635872801297284,-0.020162661498504236,0.6430586241921332,0.5981472240936158,-0.04491140009851746,1489.0,1605.7900866887921,45.920554402390565
stu_fte455_105,remediation_responder,341,0.6011730205278593,0.2686201963235403,0.24832323968732814,-0.020296956636212143,0.7547609937367235,0.691505439118094,-0.06325555461862942,1694.0,1545.592465361604,54.77503049089398
stu_fte455_136,steady_improver,260,0.6269230769230769,0.2545564499092631,0.23359910351183483,-0.0209573463974283,0.7029410949704122,0.6594601866426726,-0.043480908327739654,1392.0,1526.913358622232,54.950262127736124
stu_fte455_210,remediation_responder,415,0.6650602409638554,0.24265670976581133,0.2214813361653959,-0.021175373600415437,0.7109525417896726,0.6355128575319854,-0.07543968425768721,1794.0,1663.6904605516957,53.939767425675186
stu_fte455_219,volatile_practicer,331,0.6465256797583081,0.2462547362752555,0.22500038056493787,-0.021254355710317613,0.7173685102267919,0.6438656793609285,-0.0735028308658634,1711.0,1472.5457041604404,47.75138354461328
stu_fte455_012,fast_but_careless,359,0.5738161559888579,0.2738017928891817,0.25249492687849984,-0.02130686601068188,0.7637807590414745,0.70112592295338,-0.06265483608809441,1604.0,1435.2600258749824,55.27691053202342
stu_fte455_203,slow_analytical,400,0.7225,0.21653211703872352,0.19455082570854884,-0.02198129133017468,0.6807157324151794,0.5738513769858856,-0.10686435542929373,1936.0,1540.4703901524847,53.64219701095628
stu_fte455_157,fast_but_careless,339,0.5722713864306784,0.27242303165271786,0.2503845428776778,-0.022038488775040055,0.7632913410561578,0.7011504871291369,-0.062140853927020956,1583.0,1418.9076468642897,56.65824381451483
stu_fte455_099,volatile_practicer,370,0.581081081081081,0.2688536315141088,0.246716317153239,-0.022137314360869798,0.7538564196983385,0.693209541339662,-0.06064687835867655,1612.0,1312.0493941879772,66.43606817503078
stu_fte455_214,volatile_practicer,274,0.6167883211678832,0.25906676950225,0.23676798837520152,-0.022298781127048473,0.7349777742299518,0.6683416763426631,-0.06663609788728875,1701.0,1520.744173142566,34.467038215272616
stu_fte455_164,volatile_practicer,341,0.6217008797653959,0.26489414501820874,0.24211585620231055,-0.02277828881589819,0.7604418952505652,0.6831279641419591,-0.07731393110860607,1750.0,1480.9166802810107,85.24395875424347
stu_fte455_038,slow_analytical,371,0.6792452830188679,0.24729810962407234,0.22282019973305942,-0.024477909891012922,0.7413201553677838,0.640780943274204,-0.10053921209357986,1843.0,1553.2043975252454,53.13944553029412
stu_fte455_077,fast_but_careless,360,0.6305555555555555,0.26548930167484697,0.2409231075477566,-0.02456619412709038,0.780815276124417,0.6805745856430719,-0.1002406904813451,1723.0,1409.1880991953599,58.02743203993789
stu_fte455_142,fast_but_careless,268,0.5708955223880597,0.30868520131374844,0.2841170184346297,-0.024568182879118716,0.8783891106591469,0.783513686851793,-0.09487542380735392,1695.0,1457.7888749665324,51.84306347564313
stu_fte455_121,steady_improver,287,0.578397212543554,0.2787925343254636,0.2532403982513414,-0.025552136074122156,0.7568851043752782,0.703601610874377,-0.053283493500901224,1323.0,1516.6648922628883,49.35502665275044
stu_fte455_144,volatile_practicer,403,0.6054590570719603,0.25733179048238347,0.2301124022106349,-0.02721938827174858,0.7305336063735277,0.6538290966375455,-0.0767045097359822,1647.0,1412.2574555883043,65.50359888484665
stu_fte455_029,volatile_practicer,249,0.5783132530120482,0.2827872760548229,0.25547005931845157,-0.02731721673637133,0.8014316338601186,0.7089749919579947,-0.09245664190212388,1650.0,1427.7567049099532,52.423373740624434
stu_fte455_024,volatile_practicer,187,0.5989304812834224,0.2606445478881116,0.23245313457975683,-0.028191413308354757,0.7354149857953991,0.6575232083622726,-0.07789177743312647,1701.0,1506.51157577151,54.62090155087114
stu_fte455_208,slow_analytical,196,0.5816326530612245,0.2607162353880852,0.23204856211706984,-0.028667673271015354,0.7260909329887879,0.6570243724766457,-0.06906656051214222,1664.0,1566.8962879533165,62.765338662260916
stu_fte455_015,remediation_responder,241,0.6307053941908713,0.26421995103955265,0.23494085736975548,-0.029279093669797168,0.7736322042966777,0.6676317994145774,-0.10600040488210027,1760.0,1514.6092125471623,30.0
stu_fte455_200,remediation_responder,402,0.681592039800995,0.24333896293469195,0.21352554660204157,-0.02981341633265039,0.724436397104188,0.6187706791645636,-0.10566571793962432,1845.0,1559.9484589616375,55.649217485028444
stu_fte455_195,remediation_responder,404,0.6163366336633663,0.26579251751790295,0.2358657767328325,-0.02992674078507046,0.7592346686211717,0.665759201823242,-0.09347546679792973,1749.0,1630.931778963833,66.47356761657186
stu_fte455_064,volatile_practicer,326,0.5828220858895705,0.3067072634550839,0.2761248627759258,-0.030582400679158128,0.8864247489593011,0.7578871041692824,-0.12853764479001872,1713.0,1468.393494179911,58.15513120683599
stu_fte455_204,volatile_practicer,296,0.5675675675675675,0.29050926853012926,0.2598813547717203,-0.030627913758408953,0.8143429927399624,0.7192654052611744,-0.09507758747878792,1651.0,1445.0655051834954,41.14100243375169
stu_fte455_104,volatile_practicer,318,0.6446540880503144,0.2617887199686674,0.23079549091906446,-0.03099322904960297,0.7693813436572682,0.6562816645909715,-0.1130996790662967,1780.0,1518.1284905397615,30.0
stu_fte455_034,volatile_practicer,325,0.563076923076923,0.27589779548008736,0.24366717997218557,-0.032230615507901794,0.7702931983634245,0.6813836895676337,-0.08890950879579074,1642.0,1549.4150749887503,53.55444424866376
stu_fte455_145,remediation_responder,299,0.6254180602006689,0.2768893230381613,0.24427788999312866,-0.03261143304503261,0.8090169809016861,0.6865222368909549,-0.12249474401073113,1794.0,1502.3858315022696,56.23430162474225
stu_fte455_052,fast_but_careless,341,0.5659824046920822,0.2863809956088134,0.2525797824746521,-0.03380121313416129,0.802861493875157,0.7037524297859848,-0.0991090640891722,1630.0,1463.8286050060262,62.62695957194843
stu_fte455_122,fast_but_careless,242,0.5950413223140496,0.2790577001815207,0.24333223115203736,-0.03572546902948334,0.789690335985681,0.6833073844450995,-0.10638295154058142,1696.0,1551.3262909513944,53.61328050392967
stu_fte455_182,fast_but_careless,311,0.5916398713826366,0.28390683227373353,0.24731133503751326,-0.03659549723622027,0.8031889710807013,0.6888275133592497,-0.11436145772145156,1695.0,1547.0244318781633,64.72158600546874
stu_fte455_177,fast_but_careless,340,0.5647058823529412,0.28115845896641584,0.24417445268135826,-0.036984006285057575,0.7766651605900814,0.6832472833134284,-0.09341787727665296,1628.0,1475.2536051201068,49.70246386209837
stu_fte455_072,fast_but_careless,408,0.5931372549019608,0.28827365448193804,0.25060442385849846,-0.037669230623439576,0.8216208887133086,0.6946477997667028,-0.12697308894660586,1649.0,1439.2130815235782,45.33158067929128
stu_fte455_189,volatile_practicer,319,0.5611285266457681,0.28896535445749255,0.2461754710179738,-0.042789883439518756,0.8081398505646243,0.6908580401503343,-0.11728181041429009,1656.0,1444.6885844022606,42.059118663512905
stu_fte455_087,fast_but_careless,319,0.6112852664576802,0.281748187449124,0.238305730336243,-0.043442457112881,0.812842300947885,0.6778740983830291,-0.13496820256485587,1739.0,1469.9457829519988,39.74037630147435
stu_fte455_187,fast_but_careless,378,0.6005291005291006,0.29133228680158085,0.2458876468092998,-0.045444639992281044,0.8374392328349775,0.6865448540417002,-0.15089437879327727,1694.0,1495.9606916670318,48.0281333881952
