source_q,target_q,edge_type,weight
adaptive-hard-ai-1,ai-16,same-topic,0.14
adaptive-hard-la-1,la-44,same-topic,0.111
adaptive-hard-la-1,mock6-q37,same-topic,0.1
adaptive-hard-ml-1,ml-27,same-topic,0.138
adaptive-hard-ml-1,mock4-q43,same-topic,0.125
adaptive-mix-hard-1,ps-65,same-topic,0.129
adaptive-mix-hard-2,co-60,same-topic,0.129
adaptive-mix-hard-3,mock3-q54,same-topic,0.116
ai-1,ai-26,same-topic,0.124
ai-1,mock2-q49,same-topic,0.103
ai-10,ai-11,same-topic,0.1
ai-10,ai-9,same-topic,0.106
ai-10,co-24,cross-domain,0.733
ai-10,dbms-10,cross-domain,0.558
ai-10,ps-40,cross-domain,0.79
ai-11,ai-10,same-topic,0.132
ai-11,ai-14,same-topic,0.11
ai-12,ai-22,same-topic,0.119
ai-12,mock2-q36,same-topic,0.127
ai-13,ai-15,same-topic,0.092
ai-13,ai-18,same-topic,0.139
ai-14,ai-11,same-topic,0.119
ai-14,ai-21,same-topic,0.094
ai-15,ai-13,same-topic,0.125
ai-15,ai-17,same-topic,0.114
ai-15,dbms-6,cross-domain,0.727
ai-15,ml-45,cross-domain,0.785
ai-15,mock2-q50,cross-domain,0.728
ai-15,mock6-q18,cross-domain,0.802
ai-15,mock6-q30,cross-domain,0.824
ai-15,mock6-q6,cross-domain,0.79
ai-15,ps-43,cross-domain,0.662
ai-16,adaptive-hard-ai-1,same-topic,0.098
ai-16,ai-24,same-topic,0.143
ai-17,ai-15,same-topic,0.127
ai-17,ai-19,same-topic,0.085
ai-17,la-15,cross-domain,0.498
ai-17,mock3-q2,cross-domain,0.76
ai-17,mock3-q32,cross-domain,0.679
ai-17,mock7-q54,cross-domain,0.778
ai-18,ai-13,same-topic,0.121
ai-18,ai-6,same-topic,0.107
ai-19,ai-17,same-topic,0.103
ai-19,ai-20,same-topic,0.1
ai-2,ai-27,prerequisite,0.539
ai-2,ai-4,same-topic,0.107
ai-2,ai-7,same-topic,0.137
ai-20,ai-19,same-topic,0.105
ai-20,ai-24,same-topic,0.105
ai-21,ai-14,same-topic,0.125
ai-21,ai-23,same-topic,0.094
ai-22,ai-12,same-topic,0.129
ai-22,ai-9,same-topic,0.104
ai-23,ai-21,same-topic,0.115
ai-23,ai-25,same-topic,0.104
ai-24,ai-16,same-topic,0.094
ai-24,ai-20,same-topic,0.101
ai-25,ai-23,same-topic,0.12
ai-25,ai-26,same-topic,0.1
ai-26,ai-1,same-topic,0.099
ai-26,ai-25,same-topic,0.104
ai-27,ai-30,same-topic,0.148
ai-27,ai-34,same-topic,0.085
ai-27,ai-5,prerequisite,0.224
ai-28,ai-29,same-topic,0.103
ai-28,ai-35,same-topic,0.12
ai-28,ai-36,prerequisite,0.341
ai-29,ai-28,same-topic,0.139
ai-29,ai-33,same-topic,0.102
ai-29,ai-37,prerequisite,0.31
ai-3,ai-38,same-topic,0.107
ai-3,ai-46,same-topic,0.106
ai-30,ai-27,same-topic,0.115
ai-30,ai-45,prerequisite,0.293
ai-31,ai-32,same-topic,0.119
ai-31,ai-5,same-topic,0.119
ai-32,ai-31,same-topic,0.106
ai-32,ai-36,same-topic,0.091
ai-33,ai-29,same-topic,0.132
ai-33,ai-39,prerequisite,0.244
ai-33,ai-40,same-topic,0.103
ai-34,ai-27,same-topic,0.114
ai-34,ai-31,prerequisite,0.401
ai-34,ai-35,same-topic,0.114
ai-35,ai-28,same-topic,0.119
ai-35,ai-32,prerequisite,0.257
ai-35,ai-34,same-topic,0.128
ai-36,ai-32,same-topic,0.108
ai-36,ai-37,same-topic,0.101
ai-37,ai-36,same-topic,0.126
ai-37,ai-39,same-topic,0.093
ai-38,ai-3,same-topic,0.15
ai-38,ai-43,same-topic,0.091
ai-38,co-37,cross-domain,0.553
ai-38,la-43,cross-domain,0.645
ai-38,mock2-q38,cross-domain,0.605
ai-39,ai-37,same-topic,0.138
ai-39,ai-42,same-topic,0.091
ai-4,ai-2,prerequisite,0.39
ai-4,ai-2,same-topic,0.101
ai-4,ai-30,prerequisite,0.334
ai-40,ai-33,same-topic,0.127
ai-40,ai-41,same-topic,0.085
ai-40,ai-42,prerequisite,0.245
ai-41,ai-40,same-topic,0.103
ai-41,ai-45,same-topic,0.123
ai-42,ai-39,same-topic,0.109
ai-42,ai-46,same-topic,0.107
ai-43,ai-38,same-topic,0.102
ai-43,ai-44,same-topic,0.11
ai-43,mock5-q29,cross-domain,0.512
ai-43,mock5-q64,cross-domain,0.571
ai-43,mock6-q17,cross-domain,0.735
ai-44,ai-43,same-topic,0.113
ai-45,ai-41,same-topic,0.15
ai-45,ai-5,same-topic,0.112
ai-46,ai-3,same-topic,0.123
ai-46,ai-42,same-topic,0.12
ai-46,dbms-9,cross-domain,0.621
ai-46,la-17,cross-domain,0.698
ai-46,mock2-q37,cross-domain,0.567
ai-46,mock4-q18,cross-domain,0.536
ai-46,mock6-q31,cross-domain,0.619
ai-5,ai-31,same-topic,0.096
ai-5,ai-45,same-topic,0.149
ai-6,ai-18,same-topic,0.118
ai-6,mock3-q65,same-topic,0.118
ai-7,ai-2,same-topic,0.127
ai-7,ai-34,prerequisite,0.373
ai-7,ai-8,same-topic,0.089
ai-7,mock2-q36,prerequisite,0.302
ai-8,ai-12,prerequisite,0.232
ai-8,ai-35,prerequisite,0.52
ai-8,ai-7,same-topic,0.129
ai-8,mock2-q53,same-topic,0.137
ai-9,ai-10,same-topic,0.103
ai-9,ai-22,same-topic,0.119
co-1,co-11,same-topic,0.095
co-1,co-4,prerequisite,0.441
co-10,co-19,same-topic,0.097
co-10,co-7,same-topic,0.14
co-11,co-1,prerequisite,0.33
co-11,co-1,same-topic,0.123
co-11,co-12,same-topic,0.087
co-11,co-28,prerequisite,0.519
co-12,co-11,same-topic,0.128
co-12,co-13,same-topic,0.112
co-12,co-29,prerequisite,0.326
co-12,co-5,prerequisite,0.243
co-13,co-12,same-topic,0.122
co-13,co-20,same-topic,0.118
co-13,co-30,prerequisite,0.306
co-13,co-8,prerequisite,0.429
co-14,co-15,same-topic,0.095
co-14,co-9,same-topic,0.128
co-15,co-14,same-topic,0.114
co-15,co-16,same-topic,0.11
co-16,co-15,same-topic,0.138
co-16,co-22,same-topic,0.092
co-17,co-18,same-topic,0.118
co-17,co-19,same-topic,0.129
co-18,co-17,same-topic,0.123
co-18,mock2-q60,same-topic,0.123
co-19,co-10,same-topic,0.127
co-19,co-17,same-topic,0.127
co-19,dsa-3,cross-domain,0.51
co-19,la-29,cross-domain,0.497
co-19,mock2-q28,cross-domain,0.647
co-19,mock2-q3,cross-domain,0.483
co-19,mock2-q54,cross-domain,0.534
co-19,mock3-q36,cross-domain,0.774
co-19,mock7-q2,cross-domain,0.82
co-2,co-24,same-topic,0.102
co-2,co-25,same-topic,0.114
co-20,co-13,same-topic,0.138
co-20,co-21,same-topic,0.085
co-20,co-9,prerequisite,0.241
co-20,co-nat-1,prerequisite,0.326
co-21,co-14,prerequisite,0.256
co-21,co-20,same-topic,0.131
co-21,mock2-q15,same-topic,0.095
co-22,co-16,same-topic,0.13
co-22,co-23,same-topic,0.104
co-23,co-22,same-topic,0.12
co-23,co-25,same-topic,0.112
co-24,ai-10,cross-domain,0.648
co-24,co-2,same-topic,0.116
co-24,dbms-10,cross-domain,0.515
co-24,dsa-38,cross-domain,0.584
co-24,la-13,cross-domain,0.654
co-24,ml-msq-1,cross-domain,0.478
co-24,mock2-q6,same-topic,0.111
co-24,mock6-q3,cross-domain,0.516
co-24,ps-40,cross-domain,0.504
co-25,co-2,same-topic,0.101
co-25,co-23,same-topic,0.126
co-26,mock3-q50,same-topic,0.122
co-27,co-31,same-topic,0.086
co-27,co-38,prerequisite,0.282
co-27,co-nat-1,same-topic,0.142
co-28,co-29,same-topic,0.097
co-28,co-3,prerequisite,0.311
co-28,co-33,prerequisite,0.223
co-28,co-4,same-topic,0.132
co-29,co-28,same-topic,0.11
co-29,co-30,same-topic,0.11
co-29,co-34,prerequisite,0.259
co-29,co-47,prerequisite,0.317
co-3,co-47,same-topic,0.148
co-3,co-66,same-topic,0.124
co-30,ai-43,cross-domain,0.586
co-30,co-29,same-topic,0.105
co-30,co-37,prerequisite,0.394
co-30,co-48,prerequisite,0.527
co-30,co-nat-1,same-topic,0.096
co-30,dbms-4,cross-domain,0.456
co-30,la-7,cross-domain,0.611
co-30,mock5-q29,cross-domain,0.505
co-30,mock5-q64,cross-domain,0.539
co-30,mock6-q17,cross-domain,0.521
co-31,co-27,same-topic,0.122
co-31,co-32,same-topic,0.084
co-31,co-39,prerequisite,0.247
co-32,co-31,same-topic,0.105
co-32,co-35,same-topic,0.093
co-32,co-42,prerequisite,0.323
co-33,co-34,same-topic,0.111
co-33,co-36,same-topic,0.16
co-34,co-33,same-topic,0.121
co-34,co-37,same-topic,0.089
co-35,co-32,same-topic,0.129
co-35,co-36,same-topic,0.115
co-35,co-43,prerequisite,0.415
co-36,co-33,same-topic,0.109
co-36,co-35,same-topic,0.122
co-37,ai-38,cross-domain,0.596
co-37,co-34,same-topic,0.136
co-37,co-38,same-topic,0.087
co-37,dsa-64,cross-domain,0.471
co-37,la-43,cross-domain,0.545
co-37,mock2-q38,cross-domain,0.573
co-37,mock6-q28,cross-domain,0.704
co-37,mock6-q7,cross-domain,0.483
co-38,co-37,same-topic,0.123
co-38,co-39,same-topic,0.085
co-39,co-38,same-topic,0.125
co-39,co-42,same-topic,0.117
co-4,co-28,same-topic,0.117
co-4,co-66,prerequisite,0.376
co-4,co-nat-1,prerequisite,0.264
co-40,co-43,same-topic,0.135
co-40,co-45,same-topic,0.086
co-41,co-44,same-topic,0.118
co-41,mock3-q8,same-topic,0.125
co-42,co-39,same-topic,0.1
co-42,co-43,same-topic,0.107
co-43,co-40,same-topic,0.098
co-43,co-42,same-topic,0.11
co-44,co-41,same-topic,0.112
co-45,co-40,same-topic,0.135
co-45,co-46,same-topic,0.088
co-45,dbms-37,cross-domain,0.753
co-45,mock2-q29,cross-domain,0.518
co-45,mock2-q49,cross-domain,0.753
co-45,mock3-q57,cross-domain,0.595
co-45,mock5-q40,cross-domain,0.504
co-45,mock5-q51,cross-domain,0.595
co-46,co-45,same-topic,0.108
co-46,mock2-q8,same-topic,0.131
co-47,co-3,same-topic,0.175
co-47,co-48,same-topic,0.085
co-48,co-47,same-topic,0.116
co-48,co-50,same-topic,0.109
co-49,co-53,same-topic,0.082
co-49,co-6,same-topic,0.125
co-5,co-8,same-topic,0.091
co-5,mock3-q61,same-topic,0.127
co-50,co-48,same-topic,0.127
co-50,co-52,same-topic,0.09
co-51,co-55,same-topic,0.095
co-51,mock7-q37,same-topic,0.137
co-52,co-50,same-topic,0.114
co-52,co-54,same-topic,0.101
co-53,ai-46,cross-domain,0.537
co-53,co-49,same-topic,0.108
co-53,co-58,same-topic,0.087
co-53,dbms-9,cross-domain,0.6
co-53,la-17,cross-domain,0.663
co-53,mock2-q37,cross-domain,0.503
co-53,mock4-q18,cross-domain,0.7
co-53,mock6-q31,cross-domain,0.68
co-54,co-52,same-topic,0.115
co-54,co-63,same-topic,0.082
co-55,co-51,same-topic,0.104
co-55,co-56,same-topic,0.087
co-56,co-55,same-topic,0.132
co-56,co-57,same-topic,0.084
co-57,ai-17,cross-domain,0.647
co-57,co-56,same-topic,0.11
co-57,co-59,same-topic,0.118
co-57,dsa-6,cross-domain,0.742
co-57,la-15,cross-domain,0.717
co-57,mock3-q2,cross-domain,0.537
co-57,mock3-q32,cross-domain,0.701
co-57,mock5-q45,cross-domain,0.758
co-57,mock7-q54,cross-domain,0.68
co-58,co-53,same-topic,0.137
co-58,co-61,same-topic,0.112
co-59,co-57,same-topic,0.14
co-59,co-62,same-topic,0.114
co-6,co-49,same-topic,0.111
co-6,co-63,same-topic,0.135
co-60,adaptive-mix-hard-2,same-topic,0.102
co-60,co-65,same-topic,0.147
co-61,co-58,same-topic,0.102
co-61,co-64,same-topic,0.083
co-62,co-59,same-topic,0.112
co-62,co-65,same-topic,0.117
co-63,co-54,same-topic,0.125
co-63,co-6,same-topic,0.106
co-64,co-61,same-topic,0.1
co-64,mock7-q37,same-topic,0.1
co-65,co-60,same-topic,0.11
co-65,co-62,same-topic,0.133
co-66,co-3,prerequisite,0.237
co-66,co-3,same-topic,0.101
co-7,co-10,same-topic,0.097
co-7,mock3-q15,same-topic,0.103
co-8,co-5,same-topic,0.107
co-8,co-9,same-topic,0.097
co-9,co-14,same-topic,0.114
co-9,co-8,same-topic,0.112
co-nat-1,co-27,same-topic,0.097
co-nat-1,co-30,same-topic,0.122
co-nat-1,co-50,prerequisite,0.508
dbms-1,dbms-17,same-topic,0.129
dbms-1,dbms-msq-1,same-topic,0.116
dbms-10,ai-10,cross-domain,0.704
dbms-10,co-24,cross-domain,0.79
dbms-10,dbms-18,same-topic,0.113
dbms-10,dbms-7,same-topic,0.121
dbms-10,la-13,cross-domain,0.591
dbms-10,ps-40,cross-domain,0.753
dbms-11,dbms-12,same-topic,0.093
dbms-11,dbms-9,same-topic,0.102
dbms-12,dbms-11,same-topic,0.124
dbms-12,dbms-19,same-topic,0.083
dbms-13,dbms-23,same-topic,0.083
dbms-13,dbms-25,same-topic,0.123
dbms-14,dbms-17,same-topic,0.088
dbms-14,dbms-6,same-topic,0.127
dbms-15,dbms-1,prerequisite,0.327
dbms-15,dbms-16,same-topic,0.083
dbms-15,dbms-26,prerequisite,0.336
dbms-16,dbms-15,same-topic,0.125
dbms-16,dbms-29,prerequisite,0.516
dbms-16,dbms-msq-1,prerequisite,0.331
dbms-16,mock4-q16,same-topic,0.129
dbms-17,dbms-1,same-topic,0.098
dbms-17,dbms-14,same-topic,0.112
dbms-18,dbms-10,same-topic,0.111
dbms-18,dbms-20,same-topic,0.081
dbms-19,dbms-12,same-topic,0.13
dbms-19,dbms-22,same-topic,0.089
dbms-2,dbms-28,same-topic,0.122
dbms-2,dbms-44,same-topic,0.117
dbms-20,dbms-18,same-topic,0.119
dbms-20,dbms-21,same-topic,0.08
dbms-21,dbms-20,same-topic,0.105
dbms-21,mock2-q32,same-topic,0.14
dbms-22,dbms-19,same-topic,0.128
dbms-22,dbms-25,same-topic,0.12
dbms-23,dbms-13,same-topic,0.105
dbms-23,dbms-24,same-topic,0.091
dbms-24,dbms-23,same-topic,0.124
dbms-24,mock2-q42,same-topic,0.124
dbms-25,dbms-13,same-topic,0.118
dbms-25,dbms-22,same-topic,0.138
dbms-26,dbms-29,same-topic,0.111
dbms-26,mock6-q34,prerequisite,0.304
dbms-27,dbms-30,same-topic,0.104
dbms-27,dbms-4,same-topic,0.118
dbms-28,dbms-2,same-topic,0.138
dbms-28,dbms-33,same-topic,0.098
dbms-29,dbms-26,same-topic,0.132
dbms-29,dbms-37,same-topic,0.099
dbms-29,mock7-q34,prerequisite,0.431
dbms-3,dbms-5,same-topic,0.117
dbms-3,mock7-q26,same-topic,0.1
dbms-30,dbms-27,same-topic,0.124
dbms-30,dbms-31,same-topic,0.118
dbms-31,dbms-30,same-topic,0.111
dbms-31,dbms-32,same-topic,0.091
dbms-32,dbms-31,same-topic,0.115
dbms-32,dbms-36,same-topic,0.083
dbms-33,dbms-28,same-topic,0.122
dbms-33,dbms-34,same-topic,0.116
dbms-34,dbms-33,same-topic,0.109
dbms-34,dbms-35,same-topic,0.089
dbms-35,dbms-34,same-topic,0.114
dbms-35,dbms-40,same-topic,0.099
dbms-36,dbms-32,same-topic,0.119
dbms-36,dbms-38,same-topic,0.101
dbms-37,co-45,cross-domain,0.598
dbms-37,dbms-29,same-topic,0.109
dbms-37,dbms-4,prerequisite,0.293
dbms-37,dbms-42,same-topic,0.116
dbms-37,mock2-q1,cross-domain,0.731
dbms-37,mock2-q29,cross-domain,0.72
dbms-37,mock2-q49,cross-domain,0.548
dbms-37,mock5-q51,cross-domain,0.533
dbms-38,dbms-36,same-topic,0.132
dbms-38,dbms-39,same-topic,0.113
dbms-39,dbms-38,same-topic,0.125
dbms-39,dbms-43,same-topic,0.099
dbms-4,ai-43,cross-domain,0.655
dbms-4,co-30,cross-domain,0.779
dbms-4,dbms-27,same-topic,0.113
dbms-4,la-7,cross-domain,0.609
dbms-4,mock4-q3,cross-domain,0.82
dbms-4,mock5-q29,cross-domain,0.498
dbms-4,mock7-q34,same-topic,0.104
dbms-40,dbms-35,same-topic,0.124
dbms-40,dbms-41,same-topic,0.085
dbms-41,dbms-40,same-topic,0.126
dbms-41,dbms-45,same-topic,0.086
dbms-42,dbms-27,prerequisite,0.422
dbms-42,dbms-37,same-topic,0.1
dbms-42,mock6-q34,same-topic,0.128
dbms-43,dbms-39,same-topic,0.115
dbms-43,dbms-44,same-topic,0.112
dbms-44,dbms-2,same-topic,0.108
dbms-44,dbms-43,same-topic,0.139
dbms-45,dbms-41,same-topic,0.138
dbms-45,mock3-q59,same-topic,0.129
dbms-5,dbms-3,same-topic,0.121
dbms-5,dbms-6,same-topic,0.089
dbms-6,ai-15,cross-domain,0.602
dbms-6,dbms-14,same-topic,0.086
dbms-6,dbms-5,same-topic,0.135
dbms-6,mock2-q50,cross-domain,0.751
dbms-6,mock6-q18,cross-domain,0.583
dbms-6,mock6-q30,cross-domain,0.518
dbms-6,mock6-q6,cross-domain,0.613
dbms-6,ps-43,cross-domain,0.574
dbms-7,dbms-10,same-topic,0.089
dbms-7,dbms-msq-1,same-topic,0.121
dbms-8,dbms-9,same-topic,0.093
dbms-8,mock2-q34,same-topic,0.121
dbms-9,ai-46,cross-domain,0.742
dbms-9,co-53,cross-domain,0.578
dbms-9,dbms-11,same-topic,0.114
dbms-9,dbms-8,same-topic,0.122
dbms-9,la-17,cross-domain,0.8
dbms-9,mock2-q37,cross-domain,0.6
dbms-9,mock6-q31,cross-domain,0.484
dbms-msq-1,dbms-1,same-topic,0.129
dbms-msq-1,dbms-7,same-topic,0.108
dsa-1,dsa-10,same-topic,0.112
dsa-10,dsa-1,prerequisite,0.239
dsa-10,dsa-1,same-topic,0.131
dsa-10,dsa-22,same-topic,0.103
dsa-11,dsa-14,prerequisite,0.276
dsa-11,dsa-21,same-topic,0.11
dsa-11,dsa-8,same-topic,0.137
dsa-12,dsa-16,same-topic,0.088
dsa-12,dsa-26,same-topic,0.151
dsa-13,dsa-14,same-topic,0.1
dsa-13,dsa-23,same-topic,0.138
dsa-14,dsa-13,same-topic,0.139
dsa-14,dsa-15,same-topic,0.087
dsa-15,dsa-14,same-topic,0.103
dsa-15,dsa-17,same-topic,0.086
dsa-16,dsa-12,same-topic,0.101
dsa-16,dsa-18,same-topic,0.099
dsa-17,dsa-15,same-topic,0.102
dsa-17,dsa-25,same-topic,0.105
dsa-18,dsa-16,same-topic,0.122
dsa-18,dsa-23,same-topic,0.091
dsa-19,dsa-20,same-topic,0.101
dsa-19,dsa-25,same-topic,0.153
dsa-2,dsa-6,prerequisite,0.361
dsa-2,mock2-q16,same-topic,0.11
dsa-20,dsa-19,same-topic,0.124
dsa-21,dsa-11,same-topic,0.136
dsa-21,dsa-15,prerequisite,0.392
dsa-21,dsa-24,same-topic,0.111
dsa-22,dsa-10,same-topic,0.121
dsa-22,dsa-12,prerequisite,0.414
dsa-22,dsa-4,same-topic,0.112
dsa-23,dsa-13,same-topic,0.107
dsa-23,dsa-18,same-topic,0.101
dsa-24,dsa-21,same-topic,0.114
dsa-24,dsa-26,same-topic,0.118
dsa-25,dsa-17,same-topic,0.107
dsa-25,dsa-19,same-topic,0.118
dsa-26,dsa-12,same-topic,0.144
dsa-26,dsa-24,same-topic,0.12
dsa-27,dsa-31,prerequisite,0.319
dsa-27,dsa-36,same-topic,0.103
dsa-27,mock7-q19,same-topic,0.127
dsa-28,dsa-32,same-topic,0.092
dsa-28,dsa-45,same-topic,0.139
dsa-29,dsa-30,same-topic,0.118
dsa-29,dsa-5,same-topic,0.136
dsa-3,dsa-55,same-topic,0.13
dsa-3,dsa-64,same-topic,0.141
dsa-3,mock2-q3,cross-domain,0.581
dsa-3,mock2-q54,cross-domain,0.677
dsa-3,mock3-q36,cross-domain,0.484
dsa-30,dsa-29,same-topic,0.118
dsa-30,dsa-31,same-topic,0.084
dsa-31,dsa-30,same-topic,0.111
dsa-31,dsa-33,same-topic,0.105
dsa-32,dsa-28,same-topic,0.135
dsa-32,dsa-34,same-topic,0.094
dsa-33,dsa-31,same-topic,0.14
dsa-33,dsa-35,same-topic,0.091
dsa-34,dsa-32,same-topic,0.129
dsa-34,dsa-46,same-topic,0.102
dsa-35,dsa-33,same-topic,0.131
dsa-35,dsa-44,same-topic,0.102
dsa-36,dsa-27,same-topic,0.106
dsa-36,dsa-37,same-topic,0.084
dsa-37,dsa-36,same-topic,0.108
dsa-37,dsa-45,same-topic,0.107
dsa-38,ai-10,cross-domain,0.599
dsa-38,co-24,cross-domain,0.496
dsa-38,dbms-10,cross-domain,0.57
dsa-38,dsa-41,same-topic,0.098
dsa-38,dsa-44,same-topic,0.116
dsa-38,la-13,cross-domain,0.624
dsa-38,ml-msq-1,cross-domain,0.5
dsa-38,mock6-q3,cross-domain,0.666
dsa-38,ps-40,cross-domain,0.5
dsa-39,dsa-40,same-topic,0.12
dsa-39,mock3-q51,same-topic,0.131
dsa-4,dsa-16,prerequisite,0.316
dsa-4,dsa-22,same-topic,0.119
dsa-4,dsa-7,same-topic,0.098
dsa-40,dsa-39,same-topic,0.133
dsa-41,dsa-38,same-topic,0.119
dsa-41,dsa-42,same-topic,0.11
dsa-42,dsa-41,same-topic,0.13
dsa-42,dsa-43,same-topic,0.113
dsa-43,dsa-42,same-topic,0.101
dsa-43,mock3-q63,same-topic,0.112
dsa-44,dsa-35,same-topic,0.128
dsa-44,dsa-38,same-topic,0.105
dsa-45,dsa-28,same-topic,0.128
dsa-45,dsa-37,same-topic,0.114
dsa-46,dsa-34,same-topic,0.135
dsa-46,mock2-q59,same-topic,0.131
dsa-47,dsa-51,same-topic,0.103
dsa-47,dsa-nat-1,same-topic,0.117
dsa-48,dsa-49,same-topic,0.08
dsa-48,mock7-q29,same-topic,0.127
dsa-49,dsa-48,same-topic,0.125
dsa-49,dsa-52,same-topic,0.09
dsa-5,dsa-29,same-topic,0.102
dsa-5,mock6-q33,same-topic,0.129
dsa-50,dsa-56,same-topic,0.117
dsa-50,mock7-q33,same-topic,0.113
dsa-51,dsa-47,same-topic,0.111
dsa-51,dsa-61,same-topic,0.116
dsa-52,dsa-49,same-topic,0.13
dsa-52,dsa-54,same-topic,0.116
dsa-53,dsa-66,same-topic,0.12
dsa-53,mock7-q56,same-topic,0.12
dsa-54,dsa-52,same-topic,0.137
dsa-54,dsa-57,same-topic,0.098
dsa-55,dsa-3,same-topic,0.139
dsa-55,dsa-59,same-topic,0.102
dsa-56,dsa-50,same-topic,0.121
dsa-56,dsa-65,same-topic,0.098
dsa-57,dsa-54,same-topic,0.119
dsa-57,dsa-58,same-topic,0.081
dsa-58,dsa-57,same-topic,0.132
dsa-58,dsa-64,same-topic,0.105
dsa-59,dsa-55,same-topic,0.106
dsa-59,dsa-60,same-topic,0.096
dsa-6,ai-17,cross-domain,0.513
dsa-6,co-57,cross-domain,0.732
dsa-6,dsa-1,prerequisite,0.434
dsa-6,dsa-nat-1,prerequisite,0.404
dsa-6,la-15,cross-domain,0.799
dsa-6,mock2-q21,same-topic,0.127
dsa-6,mock3-q32,cross-domain,0.751
dsa-6,mock5-q45,cross-domain,0.55
dsa-60,dsa-59,same-topic,0.124
dsa-60,dsa-63,same-topic,0.105
dsa-61,dsa-51,same-topic,0.128
dsa-61,dsa-62,same-topic,0.109
dsa-62,dsa-61,same-topic,0.107
dsa-62,mock2-q25,same-topic,0.108
dsa-63,dsa-60,same-topic,0.121
dsa-63,mock2-q44,same-topic,0.113
dsa-64,ai-38,cross-domain,0.714
dsa-64,co-37,cross-domain,0.577
dsa-64,dsa-3,same-topic,0.117
dsa-64,dsa-58,same-topic,0.12
dsa-64,la-43,cross-domain,0.656
dsa-64,mock2-q38,cross-domain,0.788
dsa-64,mock6-q28,cross-domain,0.574
dsa-64,mock6-q7,cross-domain,0.645
dsa-64,ps-5,cross-domain,0.827
dsa-65,dsa-56,same-topic,0.137
dsa-65,dsa-nat-1,same-topic,0.122
dsa-66,dsa-53,same-topic,0.109
dsa-66,mock5-q63,same-topic,0.142
dsa-7,dsa-18,prerequisite,0.232
dsa-7,dsa-4,same-topic,0.107
dsa-7,dsa-9,same-topic,0.08
dsa-8,dsa-11,same-topic,0.103
dsa-8,dsa-13,prerequisite,0.395
dsa-8,dsa-9,same-topic,0.139
dsa-9,dsa-23,prerequisite,0.369
dsa-9,dsa-7,same-topic,0.104
dsa-9,dsa-8,same-topic,0.118
dsa-nat-1,dsa-47,same-topic,0.097
dsa-nat-1,dsa-65,same-topic,0.115
la-1,la-19,prerequisite,0.241
la-1,la-3,same-topic,0.082
la-1,mock7-q30,same-topic,0.116
la-11,la-15,same-topic,0.105
la-11,mock4-q32,same-topic,0.128
la-12,la-13,same-topic,0.087
la-12,la-8,same-topic,0.129
la-13,ai-10,cross-domain,0.528
la-13,co-24,cross-domain,0.723
la-13,dbms-10,cross-domain,0.701
la-13,dsa-38,cross-domain,0.634
la-13,la-12,same-topic,0.139
la-13,la-14,same-topic,0.085
la-13,ml-msq-1,cross-domain,0.548
la-13,ps-40,cross-domain,0.775
la-14,la-13,same-topic,0.139
la-14,la-17,same-topic,0.108
la-15,ai-17,cross-domain,0.791
la-15,dsa-6,cross-domain,0.797
la-15,la-11,same-topic,0.105
la-15,la-16,same-topic,0.081
la-15,mock3-q32,cross-domain,0.457
la-15,mock5-q45,cross-domain,0.638
la-16,la-15,same-topic,0.128
la-16,la-22,same-topic,0.089
la-16,la-28,same-topic,0.116
la-17,ai-46,cross-domain,0.715
la-17,dbms-9,cross-domain,0.506
la-17,la-14,same-topic,0.116
la-17,la-18,same-topic,0.1
la-17,la-30,same-topic,0.137
la-17,mock2-q37,cross-domain,0.721
la-17,mock5-q6,cross-domain,0.638
la-18,la-17,same-topic,0.113
la-18,la-19,same-topic,0.115
la-19,la-18,same-topic,0.132
la-19,la-20,same-topic,0.106
la-2,la-28,same-topic,0.127
la-2,mock4-q38,same-topic,0.113
la-20,la-19,same-topic,0.12
la-20,la-21,same-topic,0.1
la-21,la-20,same-topic,0.138
la-21,la-25,same-topic,0.093
la-22,la-16,same-topic,0.139
la-22,la-24,same-topic,0.084
la-23,mock4-q38,same-topic,0.151
la-23,mock4-q44,same-topic,0.109
la-24,la-22,same-topic,0.119
la-24,la-26,same-topic,0.088
la-25,la-21,same-topic,0.117
la-25,la-27,same-topic,0.102
la-26,la-24,same-topic,0.124
la-26,la-28,same-topic,0.082
la-27,la-25,same-topic,0.135
la-27,la-29,same-topic,0.106
la-28,la-16,same-topic,0.104
la-28,la-2,same-topic,0.126
la-28,la-26,same-topic,0.111
la-29,co-19,cross-domain,0.546
la-29,dsa-3,cross-domain,0.725
la-29,la-27,same-topic,0.111
la-29,la-30,same-topic,0.111
la-29,mock2-q28,cross-domain,0.791
la-29,mock2-q3,cross-domain,0.547
la-29,mock2-q54,cross-domain,0.723
la-29,mock3-q36,cross-domain,0.701
la-3,la-1,same-topic,0.109
la-3,la-20,prerequisite,0.376
la-3,la-8,same-topic,0.106
la-30,la-17,same-topic,0.082
la-30,la-29,same-topic,0.117
la-30,mock3-q29,same-topic,0.114
la-31,la-32,same-topic,0.108
la-31,la-4,same-topic,0.127
la-31,la-43,same-topic,0.111
la-32,la-31,same-topic,0.133
la-32,la-33,same-topic,0.088
la-33,la-32,same-topic,0.103
la-33,la-43,same-topic,0.091
la-34,la-38,same-topic,0.081
la-34,la-42,same-topic,0.131
la-34,la-43,same-topic,0.154
la-35,la-40,same-topic,0.093
la-35,la-45,same-topic,0.106
la-35,mock7-q12,same-topic,0.139
la-36,la-37,same-topic,0.109
la-36,la-44,same-topic,0.1
la-36,la-5,same-topic,0.136
la-37,la-36,same-topic,0.139
la-37,la-41,same-topic,0.095
la-38,la-34,same-topic,0.113
la-38,la-39,same-topic,0.087
la-39,la-38,same-topic,0.139
la-39,la-42,same-topic,0.085
la-4,la-31,same-topic,0.085
la-4,la-nat-1,same-topic,0.13
la-40,la-35,same-topic,0.137
la-40,la-45,same-topic,0.087
la-41,la-37,same-topic,0.112
la-41,la-44,same-topic,0.098
la-42,la-34,same-topic,0.08
la-42,la-39,same-topic,0.124
la-42,mock2-q41,same-topic,0.103
la-43,ai-38,cross-domain,0.718
la-43,dsa-64,cross-domain,0.701
la-43,la-31,same-topic,0.084
la-43,la-33,same-topic,0.121
la-43,la-34,same-topic,0.101
la-43,mock2-q38,cross-domain,0.46
la-43,mock6-q28,cross-domain,0.578
la-43,ps-5,cross-domain,0.634
la-44,adaptive-hard-la-1,same-topic,0.115
la-44,la-36,same-topic,0.096
la-44,la-41,same-topic,0.131
la-45,la-35,same-topic,0.089
la-45,la-40,same-topic,0.121
la-45,mock2-q58,same-topic,0.129
la-5,la-36,same-topic,0.102
la-5,la-nat-2,same-topic,0.118
la-6,la-7,same-topic,0.181
la-7,ai-43,cross-domain,0.573
la-7,dbms-4,cross-domain,0.798
la-7,la-6,same-topic,0.211
la-7,mock4-q3,cross-domain,0.642
la-7,mock5-q29,cross-domain,0.635
la-7,mock6-q17,cross-domain,0.645
la-8,la-12,same-topic,0.118
la-8,la-3,same-topic,0.131
la-msq-1,mock6-q37,same-topic,0.15
la-nat-1,la-4,same-topic,0.101
la-nat-1,mock5-q28,same-topic,0.135
la-nat-2,la-5,same-topic,0.114
la-nat-2,mock7-q36,same-topic,0.111
ml-1,ml-10,same-topic,0.128
ml-1,ml-9,same-topic,0.137
ml-10,ml-1,same-topic,0.123
ml-10,ml-11,same-topic,0.114
ml-11,ml-10,same-topic,0.112
ml-11,ml-28,same-topic,0.103
ml-12,ml-13,same-topic,0.119
ml-12,mock7-q32,same-topic,0.112
ml-13,ml-12,same-topic,0.115
ml-13,ml-14,same-topic,0.115
ml-14,ml-13,same-topic,0.121
ml-14,ml-15,same-topic,0.117
ml-15,ml-14,same-topic,0.11
ml-15,ml-18,same-topic,0.111
ml-16,ml-17,same-topic,0.103
ml-16,ml-19,same-topic,0.116
ml-17,ml-16,same-topic,0.134
ml-17,ml-20,same-topic,0.118
ml-18,ml-15,same-topic,0.106
ml-18,ml-19,same-topic,0.107
ml-19,ml-16,same-topic,0.13
ml-19,ml-18,same-topic,0.115
ml-2,ml-28,same-topic,0.123
ml-2,ml-msq-1,same-topic,0.116
ml-20,ml-17,same-topic,0.117
ml-20,ml-24,same-topic,0.115
ml-21,ml-22,same-topic,0.118
ml-21,mock7-q58,same-topic,0.143
ml-22,ml-21,same-topic,0.116
ml-22,ml-23,same-topic,0.117
ml-23,ml-22,same-topic,0.116
ml-23,ml-25,same-topic,0.088
ml-24,ml-20,same-topic,0.11
ml-24,mock2-q47,same-topic,0.094
ml-25,ml-23,same-topic,0.103
ml-25,ml-26,same-topic,0.099
ml-26,ml-25,same-topic,0.132
ml-26,ml-27,same-topic,0.11
ml-27,adaptive-hard-ml-1,same-topic,0.11
ml-27,ml-26,same-topic,0.137
ml-28,ml-11,same-topic,0.107
ml-28,ml-2,same-topic,0.089
ml-29,ml-30,same-topic,0.094
ml-29,ml-7,same-topic,0.101
ml-3,ml-32,same-topic,0.093
ml-3,ml-41,same-topic,0.141
ml-30,ml-29,same-topic,0.155
ml-30,ml-33,same-topic,0.116
ml-31,ml-34,same-topic,0.082
ml-31,mock6-q35,same-topic,0.104
ml-32,ml-3,same-topic,0.115
ml-32,ml-36,same-topic,0.12
ml-33,ml-30,same-topic,0.108
ml-33,ml-35,same-topic,0.114
ml-34,ml-31,same-topic,0.106
ml-34,ml-37,same-topic,0.09
ml-35,ml-33,same-topic,0.135
ml-35,ml-43,same-topic,0.107
ml-36,ml-32,same-topic,0.119
ml-36,ml-38,same-topic,0.119
ml-37,ml-34,same-topic,0.114
ml-37,ml-39,same-topic,0.106
ml-38,ml-36,same-topic,0.104
ml-38,ml-42,same-topic,0.085
ml-39,ml-37,same-topic,0.105
ml-39,ml-40,same-topic,0.113
ml-4,ml-53,same-topic,0.097
ml-4,ml-8,same-topic,0.108
ml-40,ml-39,same-topic,0.121
ml-40,ml-41,same-topic,0.117
ml-41,ml-3,same-topic,0.096
ml-41,ml-40,same-topic,0.134
ml-42,ml-38,same-topic,0.113
ml-42,ml-46,same-topic,0.089
ml-43,ml-35,same-topic,0.102
ml-43,mock2-q63,same-topic,0.123
ml-44,ml-45,same-topic,0.08
ml-44,mock7-q49,same-topic,0.133
ml-45,ai-15,cross-domain,0.776
ml-45,dbms-6,cross-domain,0.574
ml-45,ml-44,same-topic,0.137
ml-45,ml-47,same-topic,0.086
ml-45,mock6-q18,cross-domain,0.641
ml-45,mock6-q30,cross-domain,0.55
ml-45,mock6-q6,cross-domain,0.5
ml-46,ml-42,same-topic,0.128
ml-46,mock3-q28,same-topic,0.098
ml-47,ml-45,same-topic,0.125
ml-47,ml-48,same-topic,0.117
ml-48,ml-47,same-topic,0.12
ml-48,mock5-q44,same-topic,0.142
ml-49,ml-5,same-topic,0.13
ml-49,ml-50,same-topic,0.113
ml-5,ml-49,same-topic,0.117
ml-5,ml-66,same-topic,0.114
ml-50,ml-49,same-topic,0.104
ml-50,ml-61,same-topic,0.097
ml-51,ml-52,same-topic,0.105
ml-51,mock7-q60,same-topic,0.148
ml-52,ml-51,same-topic,0.104
ml-52,ml-62,same-topic,0.098
ml-53,ml-4,same-topic,0.112
ml-53,ml-54,same-topic,0.096
ml-53,ml-59,prerequisite,0.388
ml-54,ml-53,same-topic,0.124
ml-54,ml-56,same-topic,0.099
ml-54,ml-60,prerequisite,0.283
ml-55,ml-57,same-topic,0.119
ml-55,mock7-q51,same-topic,0.12
ml-56,ml-54,same-topic,0.134
ml-56,ml-58,same-topic,0.081
ml-56,ml-64,prerequisite,0.289
ml-57,ml-55,same-topic,0.129
ml-57,ml-59,same-topic,0.109
ml-58,ml-56,same-topic,0.107
ml-58,ml-65,prerequisite,0.239
ml-58,mock3-q57,same-topic,0.094
ml-59,ml-57,same-topic,0.138
ml-59,ml-60,same-topic,0.089
ml-6,ml-9,same-topic,0.099
ml-6,mock7-q35,same-topic,0.114
ml-60,ml-59,same-topic,0.11
ml-60,ml-64,same-topic,0.08
ml-61,ml-50,same-topic,0.111
ml-61,mock4-q39,same-topic,0.106
ml-62,ml-52,same-topic,0.126
ml-62,ml-63,same-topic,0.088
ml-63,ml-62,same-topic,0.129
ml-63,ml-67,same-topic,0.108
ml-64,ml-60,same-topic,0.1
ml-64,ml-65,same-topic,0.106
ml-65,ml-64,same-topic,0.115
ml-65,ml-66,same-topic,0.085
ml-66,ml-5,same-topic,0.087
ml-66,ml-65,same-topic,0.123
ml-67,ml-63,same-topic,0.103
ml-67,mock4-q40,same-topic,0.115
ml-7,ml-29,same-topic,0.107
ml-7,ml-41,prerequisite,0.289
ml-7,mock5-q34,same-topic,0.132
ml-8,ml-4,same-topic,0.087
ml-8,ml-57,prerequisite,0.336
ml-8,mock5-q27,same-topic,0.111
ml-9,ml-1,same-topic,0.12
ml-9,ml-6,same-topic,0.137
ml-msq-1,ai-10,cross-domain,0.528
ml-msq-1,co-24,cross-domain,0.824
ml-msq-1,dbms-10,cross-domain,0.623
ml-msq-1,dsa-38,cross-domain,0.634
ml-msq-1,la-13,cross-domain,0.595
ml-msq-1,ml-2,same-topic,0.107
ml-msq-1,mock2-q62,same-topic,0.108
ml-msq-1,mock6-q3,cross-domain,0.669
ml-msq-1,ps-40,cross-domain,0.504
mock2-q1,co-45,cross-domain,0.75
mock2-q1,dbms-37,cross-domain,0.693
mock2-q1,mock2-q2,same-topic,0.091
mock2-q1,mock2-q29,cross-domain,0.618
mock2-q1,mock2-q4,prerequisite,0.313
mock2-q1,mock2-q49,cross-domain,0.773
mock2-q1,mock3-q57,cross-domain,0.68
mock2-q1,mock4-q5,prerequisite,0.419
mock2-q1,mock5-q40,cross-domain,0.674
mock2-q1,mock5-q51,cross-domain,0.771
mock2-q10,mock3-q10,same-topic,0.093
mock2-q10,mock7-q10,same-topic,0.154
mock2-q11,mock2-q24,same-topic,0.101
mock2-q11,mock2-q3,same-topic,0.124
mock2-q11,ps-35,prerequisite,0.525
mock2-q11,ps-8,prerequisite,0.262
mock2-q12,mock2-q20,same-topic,0.081
mock2-q12,mock2-q65,same-topic,0.138
mock2-q13,la-35,prerequisite,0.339
mock2-q13,mock2-q29,prerequisite,0.325
mock2-q13,mock2-q30,same-topic,0.116
mock2-q14,mock3-q52,same-topic,0.127
mock2-q14,mock4-q22,same-topic,0.118
mock2-q15,co-15,prerequisite,0.404
mock2-q15,co-21,same-topic,0.135
mock2-q15,mock2-q31,same-topic,0.109
mock2-q16,dsa-2,prerequisite,0.343
mock2-q16,dsa-2,same-topic,0.129
mock2-q16,mock2-q21,prerequisite,0.374
mock2-q16,mock3-q14,same-topic,0.091
mock2-q17,ml-1,prerequisite,0.38
mock2-q17,mock2-q18,prerequisite,0.348
mock2-q17,mock3-q17,same-topic,0.091
mock2-q18,mock2-q19,same-topic,0.087
mock2-q18,mock2-q28,prerequisite,0.359
mock2-q18,mock4-q28,prerequisite,0.534
mock2-q19,mock2-q18,same-topic,0.137
mock2-q19,mock3-q18,same-topic,0.102
mock2-q19,mock5-q27,prerequisite,0.379
mock2-q19,mock6-q35,prerequisite,0.398
mock2-q2,mock2-q1,same-topic,0.138
mock2-q2,mock2-q5,prerequisite,0.421
mock2-q2,mock3-q1,same-topic,0.103
mock2-q20,mock2-q12,same-topic,0.13
mock2-q20,mock2-q22,same-topic,0.101
mock2-q21,dsa-10,prerequisite,0.338
mock2-q21,dsa-6,same-topic,0.135
mock2-q21,mock2-q23,same-topic,0.09
mock2-q21,mock2-q25,prerequisite,0.364
mock2-q22,mock2-q20,same-topic,0.113
mock2-q22,mock2-q33,same-topic,0.106
mock2-q23,dsa-22,prerequisite,0.515
mock2-q23,mock2-q21,same-topic,0.125
mock2-q23,mock2-q35,prerequisite,0.332
mock2-q23,mock3-q21,same-topic,0.081
mock2-q24,mock2-q11,same-topic,0.134
mock2-q24,mock3-q3,same-topic,0.099
mock2-q24,ps-40,prerequisite,0.469
mock2-q24,ps-9,prerequisite,0.277
mock2-q25,dsa-62,same-topic,0.131
mock2-q25,mock2-q35,same-topic,0.112
mock2-q26,mock4-q23,same-topic,0.082
mock2-q26,mock4-q37,same-topic,0.134
mock2-q27,mock4-q13,same-topic,0.095
mock2-q27,ps-28,prerequisite,0.258
mock2-q27,ps-3,same-topic,0.128
mock2-q28,co-19,cross-domain,0.823
mock2-q28,dsa-3,cross-domain,0.662
mock2-q28,la-29,cross-domain,0.465
mock2-q28,mock2-q54,cross-domain,0.786
mock2-q28,mock3-q36,cross-domain,0.575
mock2-q28,mock4-q56,same-topic,0.132
mock2-q28,mock6-q35,same-topic,0.084
mock2-q28,mock7-q2,cross-domain,0.633
mock2-q29,co-45,cross-domain,0.579
mock2-q29,dbms-37,cross-domain,0.616
mock2-q29,la-6,prerequisite,0.33
mock2-q29,la-8,prerequisite,0.233
mock2-q29,mock2-q49,cross-domain,0.48
mock2-q29,mock3-q57,cross-domain,0.629
mock2-q29,mock5-q18,same-topic,0.097
mock2-q29,mock5-q40,cross-domain,0.751
mock2-q29,mock5-q51,cross-domain,0.51
mock2-q3,co-19,cross-domain,0.593
mock2-q3,dsa-3,cross-domain,0.799
mock2-q3,la-29,cross-domain,0.671
mock2-q3,mock2-q11,same-topic,0.083
mock2-q3,mock2-q28,cross-domain,0.619
mock2-q3,mock2-q54,cross-domain,0.692
mock2-q3,mock3-q12,prerequisite,0.397
mock2-q3,mock3-q36,cross-domain,0.53
mock2-q3,mock7-q2,cross-domain,0.654
mock2-q3,ps-34,prerequisite,0.504
mock2-q3,ps-5,same-topic,0.118
mock2-q30,la-40,prerequisite,0.308
mock2-q30,mock2-q13,same-topic,0.102
mock2-q30,mock3-q13,same-topic,0.081
mock2-q30,mock5-q18,prerequisite,0.492
mock2-q31,co-16,prerequisite,0.298
mock2-q31,mock2-q15,same-topic,0.102
mock2-q31,mock3-q15,same-topic,0.101
mock2-q32,dbms-21,same-topic,0.159
mock2-q32,mock2-q34,same-topic,0.112
mock2-q33,mock2-q22,same-topic,0.137
mock2-q33,mock4-q31,same-topic,0.089
mock2-q34,dbms-8,same-topic,0.087
mock2-q34,mock2-q32,same-topic,0.119
mock2-q35,mock2-q25,same-topic,0.135
mock2-q35,mock2-q37,same-topic,0.082
mock2-q36,ai-12,same-topic,0.083
mock2-q36,mock3-q53,same-topic,0.144
mock2-q37,ai-46,cross-domain,0.756
mock2-q37,dbms-9,cross-domain,0.72
mock2-q37,la-17,cross-domain,0.656
mock2-q37,mock2-q35,same-topic,0.113
mock2-q37,mock4-q14,same-topic,0.112
mock2-q37,mock4-q18,cross-domain,0.651
mock2-q37,mock6-q31,cross-domain,0.642
mock2-q38,ai-38,cross-domain,0.793
mock2-q38,co-37,cross-domain,0.583
mock2-q38,la-43,cross-domain,0.534
mock2-q38,mock2-q54,same-topic,0.088
mock2-q38,mock3-q59,same-topic,0.109
mock2-q38,mock6-q28,cross-domain,0.694
mock2-q38,mock6-q7,cross-domain,0.65
mock2-q39,mock2-q51,same-topic,0.089
mock2-q39,mock3-q63,same-topic,0.147
mock2-q4,mock2-q5,same-topic,0.082
mock2-q4,mock4-q2,prerequisite,0.504
mock2-q4,mock4-q4,prerequisite,0.293
mock2-q40,mock2-q56,same-topic,0.116
mock2-q40,ps-1,same-topic,0.158
mock2-q41,la-42,same-topic,0.115
mock2-q41,mock3-q41,same-topic,0.093
mock2-q42,dbms-24,same-topic,0.121
mock2-q42,mock2-q43,same-topic,0.088
mock2-q43,mock2-q42,same-topic,0.135
mock2-q43,mock3-q32,same-topic,0.093
mock2-q44,dsa-63,same-topic,0.133
mock2-q44,mock3-q35,same-topic,0.1
mock2-q45,mock2-q46,same-topic,0.091
mock2-q45,mock2-q7,same-topic,0.126
mock2-q46,mock2-q45,same-topic,0.109
mock2-q46,mock2-q57,same-topic,0.098
mock2-q47,ml-24,same-topic,0.129
mock2-q47,mock3-q33,same-topic,0.094
mock2-q48,mock3-q48,same-topic,0.081
mock2-q48,mock3-q58,same-topic,0.128
mock2-q49,ai-1,same-topic,0.134
mock2-q49,co-45,cross-domain,0.759
mock2-q49,dbms-37,cross-domain,0.731
mock2-q49,mock3-q36,same-topic,0.091
mock2-q49,mock3-q57,cross-domain,0.48
mock2-q49,mock5-q51,cross-domain,0.71
mock2-q5,mock2-q4,same-topic,0.121
mock2-q5,mock3-q4,same-topic,0.095
mock2-q5,mock4-q6,prerequisite,0.467
mock2-q5,mock5-q10,prerequisite,0.362
mock2-q50,ai-15,cross-domain,0.704
mock2-q50,dbms-6,cross-domain,0.495
mock2-q50,ml-45,cross-domain,0.475
mock2-q50,mock2-q6,same-topic,0.131
mock2-q50,mock3-q6,same-topic,0.103
mock2-q50,mock6-q18,cross-domain,0.762
mock2-q50,mock6-q30,cross-domain,0.613
mock2-q50,mock6-q6,cross-domain,0.619
mock2-q50,ps-43,cross-domain,0.658
mock2-q51,mock2-q39,same-topic,0.124
mock2-q51,mock3-q39,same-topic,0.103
mock2-q52,mock2-q61,same-topic,0.126
mock2-q52,mock3-q52,same-topic,0.099
mock2-q53,ai-22,prerequisite,0.279
mock2-q53,ai-28,prerequisite,0.418
mock2-q53,ai-8,same-topic,0.127
mock2-q53,mock3-q53,same-topic,0.085
mock2-q54,la-29,cross-domain,0.801
mock2-q54,mock2-q3,cross-domain,0.533
mock2-q54,mock2-q38,same-topic,0.132
mock2-q54,mock3-q36,cross-domain,0.608
mock2-q54,mock3-q38,same-topic,0.086
mock2-q54,mock7-q2,cross-domain,0.803
mock2-q55,mock3-q43,same-topic,0.147
mock2-q55,mock3-q55,same-topic,0.086
mock2-q56,mock2-q40,same-topic,0.108
mock2-q56,mock3-q40,same-topic,0.093
mock2-q57,mock2-q46,same-topic,0.114
mock2-q57,mock3-q7,same-topic,0.091
mock2-q58,la-45,same-topic,0.148
mock2-q58,mock3-q30,same-topic,0.106
mock2-q59,dsa-46,same-topic,0.15
mock2-q59,mock2-q61,same-topic,0.087
mock2-q6,co-24,same-topic,0.124
mock2-q6,mock2-q50,same-topic,0.093
mock2-q60,co-18,same-topic,0.118
mock2-q60,mock3-q61,same-topic,0.097
mock2-q61,mock2-q52,same-topic,0.113
mock2-q61,mock2-q59,same-topic,0.126
mock2-q62,ml-msq-1,same-topic,0.131
mock2-q62,mock2-q65,same-topic,0.113
mock2-q63,ml-43,same-topic,0.129
mock2-q63,mock2-q64,same-topic,0.101
mock2-q64,mock2-q63,same-topic,0.12
mock2-q64,mock4-q56,same-topic,0.084
mock2-q65,mock2-q12,same-topic,0.122
mock2-q65,mock2-q62,same-topic,0.106
mock2-q7,mock2-q45,same-topic,0.107
mock2-q7,ps-25,same-topic,0.143
mock2-q8,co-46,same-topic,0.153
mock2-q8,mock3-q8,same-topic,0.093
mock2-q9,mock3-q9,same-topic,0.116
mock2-q9,mock7-q7,same-topic,0.165
mock3-q1,mock2-q2,same-topic,0.101
mock3-q1,mock3-q2,same-topic,0.116
mock3-q1,mock3-q4,prerequisite,0.494
mock3-q10,mock2-q10,same-topic,0.11
mock3-q10,mock5-q5,same-topic,0.126
mock3-q11,mock3-q24,same-topic,0.108
mock3-q11,mock3-q3,same-topic,0.134
mock3-q11,ps-20,prerequisite,0.38
mock3-q12,mock7-q53,same-topic,0.126
mock3-q12,ps-8,same-topic,0.112
mock3-q13,la-45,prerequisite,0.233
mock3-q13,mock2-q30,same-topic,0.101
mock3-q13,mock4-q19,same-topic,0.092
mock3-q13,mock6-q23,prerequisite,0.39
mock3-q14,mock2-q14,prerequisite,0.389
mock3-q14,mock2-q16,same-topic,0.115
mock3-q14,mock2-q23,prerequisite,0.383
mock3-q14,mock3-q16,same-topic,0.106
mock3-q15,co-22,prerequisite,0.368
mock3-q15,co-7,same-topic,0.113
mock3-q15,mock2-q31,same-topic,0.115
mock3-q16,mock3-q14,same-topic,0.106
mock3-q16,mock3-q21,prerequisite,0.474
mock3-q16,mock4-q22,prerequisite,0.325
mock3-q16,mock5-q19,same-topic,0.116
mock3-q17,ml-2,prerequisite,0.347
mock3-q17,mock2-q17,same-topic,0.138
mock3-q17,mock2-q19,prerequisite,0.368
mock3-q17,mock3-q20,same-topic,0.109
mock3-q18,ml-31,prerequisite,0.341
mock3-q18,ml-8,prerequisite,0.519
mock3-q18,mock2-q19,same-topic,0.121
mock3-q18,mock3-q19,same-topic,0.106
mock3-q19,ml-34,prerequisite,0.4
mock3-q19,ml-4,prerequisite,0.537
mock3-q19,mock3-q18,same-topic,0.104
mock3-q19,mock4-q21,same-topic,0.082
mock3-q2,ai-17,cross-domain,0.471
mock3-q2,co-57,cross-domain,0.785
mock3-q2,dsa-6,cross-domain,0.464
mock3-q2,la-15,cross-domain,0.787
mock3-q2,mock3-q1,same-topic,0.115
mock3-q2,mock3-q32,cross-domain,0.73
mock3-q2,mock3-q5,prerequisite,0.398
mock3-q2,mock4-q1,same-topic,0.098
mock3-q2,mock5-q45,cross-domain,0.499
mock3-q2,mock7-q54,cross-domain,0.482
mock3-q20,ml-msq-1,prerequisite,0.372
mock3-q20,mock3-q17,same-topic,0.115
mock3-q20,mock3-q18,prerequisite,0.507
mock3-q20,mock3-q22,same-topic,0.109
mock3-q21,dsa-4,prerequisite,0.536
mock3-q21,mock2-q23,same-topic,0.113
mock3-q21,mock2-q37,prerequisite,0.354
mock3-q21,mock3-q23,same-topic,0.098
mock3-q22,mock2-q12,prerequisite,0.316
mock3-q22,mock3-q19,prerequisite,0.453
mock3-q22,mock3-q20,same-topic,0.135
mock3-q22,mock4-q17,same-topic,0.112
mock3-q23,dsa-7,prerequisite,0.476
mock3-q23,mock3-q21,same-topic,0.121
mock3-q23,mock3-q25,same-topic,0.103
mock3-q23,mock4-q14,prerequisite,0.359
mock3-q24,mock3-q11,same-topic,0.115
mock3-q24,mock4-q12,same-topic,0.091
mock3-q24,ps-21,prerequisite,0.424
mock3-q25,mock3-q23,same-topic,0.107
mock3-q25,mock4-q15,same-topic,0.111
mock3-q25,mock4-q34,prerequisite,0.362
mock3-q26,mock3-q27,same-topic,0.083
mock3-q26,ps-46,same-topic,0.146
mock3-q27,mock3-q26,same-topic,0.103
mock3-q27,mock4-q47,same-topic,0.1
mock3-q28,ml-46,same-topic,0.148
mock3-q28,mock4-q42,same-topic,0.103
mock3-q29,la-30,same-topic,0.153
mock3-q29,mock4-q11,same-topic,0.108
mock3-q3,mock2-q24,same-topic,0.118
mock3-q3,mock3-q11,same-topic,0.104
mock3-q3,ps-10,prerequisite,0.413
mock3-q3,ps-41,prerequisite,0.47
mock3-q30,mock2-q58,same-topic,0.116
mock3-q30,mock3-q58,same-topic,0.112
mock3-q31,mock3-q50,same-topic,0.091
mock3-q31,mock3-q6,same-topic,0.114
mock3-q32,ai-17,cross-domain,0.652
mock3-q32,la-15,cross-domain,0.569
mock3-q32,mock2-q43,same-topic,0.122
mock3-q32,mock3-q34,same-topic,0.08
mock3-q32,mock7-q54,cross-domain,0.513
mock3-q33,mock2-q47,same-topic,0.106
mock3-q33,mock3-q47,same-topic,0.084
mock3-q34,mock3-q32,same-topic,0.139
mock3-q34,mock3-q42,same-topic,0.102
mock3-q35,mock2-q44,same-topic,0.111
mock3-q35,mock3-q37,same-topic,0.088
mock3-q36,co-19,cross-domain,0.665
mock3-q36,dsa-3,cross-domain,0.67
mock3-q36,mock2-q49,same-topic,0.101
mock3-q36,mock2-q54,cross-domain,0.745
mock3-q36,mock3-q49,same-topic,0.102
mock3-q36,mock7-q2,cross-domain,0.48
mock3-q37,mock3-q35,same-topic,0.106
mock3-q37,mock3-q44,same-topic,0.089
mock3-q38,mock2-q54,same-topic,0.137
mock3-q38,mock3-q54,same-topic,0.082
mock3-q39,mock2-q51,same-topic,0.126
mock3-q39,mock3-q51,same-topic,0.105
mock3-q4,mock2-q5,same-topic,0.137
mock3-q4,mock3-q5,same-topic,0.115
mock3-q4,mock4-q9,prerequisite,0.472
mock3-q4,mock6-q6,prerequisite,0.307
mock3-q40,mock2-q56,same-topic,0.104
mock3-q40,mock6-q53,same-topic,0.087
mock3-q41,mock2-q41,same-topic,0.123
mock3-q41,mock5-q49,same-topic,0.081
mock3-q42,mock3-q34,same-topic,0.107
mock3-q42,mock3-q43,same-topic,0.1
mock3-q43,mock2-q55,same-topic,0.116
mock3-q43,mock3-q42,same-topic,0.111
mock3-q44,mock3-q37,same-topic,0.113
mock3-q44,mock3-q60,same-topic,0.087
mock3-q45,mock3-q46,same-topic,0.091
mock3-q45,mock3-q7,same-topic,0.132
mock3-q46,mock3-q45,same-topic,0.122
mock3-q46,mock3-q56,same-topic,0.113
mock3-q47,mock3-q33,same-topic,0.121
mock3-q47,mock4-q36,same-topic,0.091
mock3-q48,mock2-q48,same-topic,0.102
mock3-q48,mock5-q28,same-topic,0.12
mock3-q49,mock3-q36,same-topic,0.114
mock3-q49,mock3-q65,same-topic,0.113
mock3-q5,mock3-q4,same-topic,0.115
mock3-q5,mock4-q3,same-topic,0.081
mock3-q5,mock5-q7,prerequisite,0.377
mock3-q5,mock6-q8,prerequisite,0.325
mock3-q50,co-26,same-topic,0.103
mock3-q50,mock3-q31,same-topic,0.106
mock3-q51,dsa-39,same-topic,0.093
mock3-q51,mock3-q39,same-topic,0.124
mock3-q52,mock2-q14,same-topic,0.121
mock3-q52,mock2-q52,same-topic,0.108
mock3-q53,ai-9,prerequisite,0.338
mock3-q53,mock2-q36,same-topic,0.103
mock3-q53,mock2-q53,same-topic,0.118
mock3-q54,adaptive-mix-hard-3,same-topic,0.112
mock3-q54,mock3-q38,same-topic,0.11
mock3-q55,mock2-q55,same-topic,0.105
mock3-q56,mock3-q46,same-topic,0.119
mock3-q56,mock4-q41,same-topic,0.097
mock3-q57,dbms-37,cross-domain,0.615
mock3-q57,ml-58,same-topic,0.127
mock3-q57,ml-66,prerequisite,0.369
mock3-q57,mock2-q29,cross-domain,0.476
mock3-q57,mock2-q49,cross-domain,0.792
mock3-q57,mock3-q62,same-topic,0.111
mock3-q57,mock5-q40,cross-domain,0.691
mock3-q57,mock5-q51,cross-domain,0.641
mock3-q58,mock2-q48,same-topic,0.103
mock3-q58,mock3-q30,same-topic,0.113
mock3-q59,dbms-45,same-topic,0.12
mock3-q59,mock2-q38,same-topic,0.116
mock3-q6,mock2-q50,same-topic,0.128
mock3-q6,mock3-q31,same-topic,0.11
mock3-q60,mock3-q44,same-topic,0.14
mock3-q60,mock4-q46,same-topic,0.096
mock3-q61,co-5,same-topic,0.101
mock3-q61,mock2-q60,same-topic,0.131
mock3-q62,mock3-q57,same-topic,0.139
mock3-q62,mock6-q51,same-topic,0.093
mock3-q63,dsa-43,same-topic,0.154
mock3-q63,mock2-q39,same-topic,0.123
mock3-q64,mock5-q43,same-topic,0.089
mock3-q64,ps-66,same-topic,0.15
mock3-q65,ai-6,same-topic,0.089
mock3-q65,mock3-q49,same-topic,0.137
mock3-q7,mock2-q57,same-topic,0.108
mock3-q7,mock3-q45,same-topic,0.097
mock3-q8,co-41,same-topic,0.094
mock3-q8,mock2-q8,same-topic,0.139
mock3-q9,mock2-q9,same-topic,0.134
mock4-q1,mock3-q2,same-topic,0.124
mock4-q1,mock4-q3,prerequisite,0.428
mock4-q1,mock5-q1,same-topic,0.1
mock4-q10,mock4-q8,same-topic,0.13
mock4-q10,mock5-q3,same-topic,0.119
mock4-q11,mock3-q29,same-topic,0.137
mock4-q11,mock4-q32,same-topic,0.08
mock4-q12,mock3-q24,same-topic,0.121
mock4-q12,mock4-q27,same-topic,0.099
mock4-q12,ps-2,prerequisite,0.3
mock4-q13,mock2-q27,same-topic,0.11
mock4-q13,mock5-q13,same-topic,0.11
mock4-q13,ps-29,prerequisite,0.302
mock4-q14,mock2-q37,same-topic,0.111
mock4-q14,mock4-q34,same-topic,0.086
mock4-q15,mock3-q25,same-topic,0.113
mock4-q15,mock4-q24,same-topic,0.085
mock4-q15,mock5-q25,prerequisite,0.364
mock4-q16,dbms-16,same-topic,0.125
mock4-q16,dbms-37,prerequisite,0.457
mock4-q16,mock2-q32,prerequisite,0.279
mock4-q16,mock4-q25,same-topic,0.109
mock4-q17,mock2-q20,prerequisite,0.348
mock4-q17,mock3-q22,same-topic,0.136
mock4-q17,mock4-q18,same-topic,0.088
mock4-q17,mock4-q21,prerequisite,0.477
mock4-q18,ai-46,cross-domain,0.639
mock4-q18,dbms-9,cross-domain,0.566
mock4-q18,la-17,cross-domain,0.712
mock4-q18,mock2-q22,prerequisite,0.259
mock4-q18,mock2-q37,cross-domain,0.76
mock4-q18,mock4-q17,same-topic,0.103
mock4-q18,mock4-q20,same-topic,0.106
mock4-q18,mock5-q6,cross-domain,0.628
mock4-q18,mock6-q31,cross-domain,0.586
mock4-q19,la-35,prerequisite,0.419
mock4-q19,mock3-q13,same-topic,0.123
mock4-q19,mock5-q11,same-topic,0.109
mock4-q19,mock6-q30,prerequisite,0.45
mock4-q2,mock4-q6,same-topic,0.092
mock4-q2,mock5-q5,prerequisite,0.351
mock4-q20,mock2-q33,prerequisite,0.35
mock4-q20,mock4-q18,same-topic,0.122
mock4-q20,mock4-q26,same-topic,0.109
mock4-q21,ml-37,prerequisite,0.29
mock4-q21,ml-53,prerequisite,0.37
mock4-q21,mock3-q19,same-topic,0.116
mock4-q21,mock5-q30,same-topic,0.116
mock4-q22,mock2-q14,same-topic,0.13
mock4-q22,mock6-q33,same-topic,0.086
mock4-q23,mock2-q26,same-topic,0.128
mock4-q23,ps-6,same-topic,0.113
mock4-q24,mock4-q15,same-topic,0.133
mock4-q24,mock4-q29,same-topic,0.093
mock4-q24,mock6-q25,prerequisite,0.343
mock4-q25,dbms-42,prerequisite,0.509
mock4-q25,mock2-q34,prerequisite,0.371
mock4-q25,mock4-q16,same-topic,0.123
mock4-q25,mock5-q16,same-topic,0.085
mock4-q26,mock4-q20,same-topic,0.121
mock4-q26,mock4-q31,prerequisite,0.356
mock4-q26,mock4-q33,same-topic,0.104
mock4-q27,mock4-q12,same-topic,0.122
mock4-q27,mock5-q12,same-topic,0.115
mock4-q28,ml-4,prerequisite,0.28
mock4-q28,mock5-q27,same-topic,0.086
mock4-q29,mock4-q24,same-topic,0.126
mock4-q29,mock5-q14,same-topic,0.103
mock4-q3,ai-43,cross-domain,0.456
mock4-q3,co-30,cross-domain,0.518
mock4-q3,dbms-4,cross-domain,0.796
mock4-q3,la-7,cross-domain,0.671
mock4-q3,mock3-q5,same-topic,0.137
mock4-q3,mock4-q7,same-topic,0.118
mock4-q3,mock5-q29,cross-domain,0.544
mock4-q3,mock5-q64,cross-domain,0.47
mock4-q3,mock6-q10,prerequisite,0.373
mock4-q3,mock6-q17,cross-domain,0.721
mock4-q3,mock7-q6,prerequisite,0.346
mock4-q30,mock6-q31,same-topic,0.116
mock4-q30,ps-4,same-topic,0.154
mock4-q31,mock2-q33,same-topic,0.137
mock4-q31,mock4-q35,same-topic,0.106
mock4-q32,la-11,same-topic,0.102
mock4-q32,mock4-q11,same-topic,0.134
mock4-q33,mock4-q26,same-topic,0.126
mock4-q33,mock5-q17,same-topic,0.093
mock4-q34,mock4-q14,same-topic,0.111
mock4-q34,mock5-q25,same-topic,0.099
mock4-q35,mock4-q31,same-topic,0.119
mock4-q35,mock6-q32,same-topic,0.086
mock4-q36,mock3-q47,same-topic,0.127
mock4-q36,mock4-q49,same-topic,0.09
mock4-q37,mock2-q26,same-topic,0.103
mock4-q37,ps-nat-1,same-topic,0.133
mock4-q38,la-2,same-topic,0.147
mock4-q38,la-23,same-topic,0.13
mock4-q39,ml-61,same-topic,0.137
mock4-q39,mock6-q36,same-topic,0.089
mock4-q4,mock5-q10,same-topic,0.085
mock4-q4,mock7-q5,same-topic,0.175
mock4-q40,ml-67,same-topic,0.16
mock4-q41,mock3-q56,same-topic,0.125
mock4-q41,mock5-q48,same-topic,0.114
mock4-q42,mock3-q28,same-topic,0.113
mock4-q42,mock4-q45,same-topic,0.118
mock4-q43,adaptive-hard-ml-1,same-topic,0.14
mock4-q43,mock4-q48,same-topic,0.088
mock4-q44,la-23,same-topic,0.166
mock4-q44,mock4-q55,same-topic,0.111
mock4-q45,mock4-q42,same-topic,0.126
mock4-q45,mock5-q39,same-topic,0.093
mock4-q46,mock3-q60,same-topic,0.132
mock4-q46,mock4-q59,same-topic,0.103
mock4-q47,mock3-q27,same-topic,0.127
mock4-q47,mock4-q53,same-topic,0.095
mock4-q48,mock4-q43,same-topic,0.118
mock4-q48,mock4-q57,same-topic,0.116
mock4-q49,mock4-q36,same-topic,0.13
mock4-q49,mock4-q51,same-topic,0.082
mock4-q5,mock7-q3,same-topic,0.164
mock4-q50,mock4-q62,same-topic,0.118
mock4-q50,ps-26,same-topic,0.166
mock4-q51,mock4-q49,same-topic,0.105
mock4-q51,mock4-q52,same-topic,0.111
mock4-q52,mock4-q51,same-topic,0.106
mock4-q52,mock4-q54,same-topic,0.097
mock4-q53,mock4-q47,same-topic,0.111
mock4-q53,mock4-q58,same-topic,0.094
mock4-q54,mock4-q52,same-topic,0.113
mock4-q54,mock5-q38,same-topic,0.102
mock4-q55,mock4-q44,same-topic,0.119
mock4-q55,mock5-q41,same-topic,0.114
mock4-q56,mock2-q28,same-topic,0.099
mock4-q56,mock2-q64,same-topic,0.132
mock4-q57,mock4-q48,same-topic,0.106
mock4-q57,mock4-q60,same-topic,0.091
mock4-q58,mock4-q53,same-topic,0.125
mock4-q58,mock5-q37,same-topic,0.105
mock4-q59,mock4-q46,same-topic,0.1
mock4-q59,mock5-q40,same-topic,0.114
mock4-q6,mock4-q2,same-topic,0.123
mock4-q6,mock4-q9,same-topic,0.11
mock4-q6,mock6-q7,prerequisite,0.331
mock4-q60,mock4-q57,same-topic,0.102
mock4-q60,mock4-q61,same-topic,0.103
mock4-q61,mock4-q60,same-topic,0.126
mock4-q61,mock4-q63,same-topic,0.111
mock4-q62,mock4-q50,same-topic,0.127
mock4-q63,mock4-q61,same-topic,0.116
mock4-q63,mock4-q65,same-topic,0.116
mock4-q64,mock7-q62,same-topic,0.177
mock4-q65,mock4-q63,same-topic,0.127
mock4-q65,mock5-q36,same-topic,0.085
mock4-q7,mock4-q3,same-topic,0.11
mock4-q7,mock4-q8,same-topic,0.105
mock4-q7,mock7-q8,prerequisite,0.371
mock4-q8,mock4-q10,same-topic,0.08
mock4-q8,mock4-q7,same-topic,0.132
mock4-q9,mock4-q6,same-topic,0.125
mock4-q9,mock5-q7,same-topic,0.104
mock4-q9,mock7-q7,prerequisite,0.258
mock5-q1,mock4-q1,same-topic,0.118
mock5-q1,mock5-q2,same-topic,0.101
mock5-q10,mock4-q4,same-topic,0.109
mock5-q10,mock6-q6,same-topic,0.102
mock5-q11,la-40,prerequisite,0.233
mock5-q11,mock4-q19,same-topic,0.117
mock5-q11,mock6-q11,same-topic,0.101
mock5-q11,mock7-q23,prerequisite,0.377
mock5-q12,mock4-q27,same-topic,0.103
mock5-q12,mock5-q21,same-topic,0.087
mock5-q13,mock4-q13,same-topic,0.124
mock5-q13,mock5-q23,same-topic,0.093
mock5-q13,ps-36,prerequisite,0.38
mock5-q14,mock4-q29,same-topic,0.139
mock5-q14,mock5-q15,same-topic,0.102
mock5-q15,mock5-q14,same-topic,0.126
mock5-q15,mock5-q24,same-topic,0.116
mock5-q16,dbms-8,prerequisite,0.229
mock5-q16,mock4-q25,same-topic,0.129
mock5-q16,mock5-q26,same-topic,0.116
mock5-q16,mock6-q34,prerequisite,0.528
mock5-q17,mock4-q33,same-topic,0.12
mock5-q17,mock5-q20,same-topic,0.108
mock5-q18,la-12,prerequisite,0.327
mock5-q18,la-7,prerequisite,0.528
mock5-q18,mock2-q29,same-topic,0.127
mock5-q18,mock6-q23,same-topic,0.119
mock5-q19,mock3-q16,same-topic,0.138
mock5-q19,mock3-q23,prerequisite,0.405
mock5-q19,mock5-q32,same-topic,0.088
mock5-q19,mock6-q33,prerequisite,0.401
mock5-q2,mock5-q1,same-topic,0.13
mock5-q2,mock5-q9,same-topic,0.106
mock5-q20,mock5-q17,same-topic,0.119
mock5-q20,mock5-q22,same-topic,0.098
mock5-q21,mock5-q12,same-topic,0.119
mock5-q21,mock5-q35,same-topic,0.118
mock5-q22,mock5-q20,same-topic,0.12
mock5-q22,mock5-q33,same-topic,0.086
mock5-q23,mock5-q13,same-topic,0.131
mock5-q23,mock5-q29,same-topic,0.102
mock5-q24,mock5-q15,same-topic,0.107
mock5-q24,mock5-q31,same-topic,0.111
mock5-q25,mock4-q34,same-topic,0.132
mock5-q25,mock6-q25,same-topic,0.105
mock5-q26,dbms-9,prerequisite,0.434
mock5-q26,mock5-q16,same-topic,0.114
mock5-q26,mock6-q20,same-topic,0.109
mock5-q27,ml-55,prerequisite,0.244
mock5-q27,ml-8,same-topic,0.107
mock5-q27,mock4-q28,same-topic,0.117
mock5-q28,la-nat-1,same-topic,0.111
mock5-q28,mock3-q48,same-topic,0.132
mock5-q29,ai-43,cross-domain,0.76
mock5-q29,co-30,cross-domain,0.556
mock5-q29,dbms-4,cross-domain,0.477
mock5-q29,la-7,cross-domain,0.477
mock5-q29,mock5-q23,same-topic,0.128
mock5-q29,mock5-q64,cross-domain,0.576
mock5-q29,mock6-q14,same-topic,0.098
mock5-q29,mock6-q17,cross-domain,0.453
mock5-q3,mock4-q10,same-topic,0.105
mock5-q3,mock5-q4,same-topic,0.112
mock5-q30,ml-39,prerequisite,0.424
mock5-q30,mock4-q21,same-topic,0.103
mock5-q30,mock5-q34,same-topic,0.089
mock5-q31,mock5-q24,same-topic,0.113
mock5-q31,mock6-q16,same-topic,0.098
mock5-q32,dsa-5,prerequisite,0.37
mock5-q32,mock5-q19,same-topic,0.115
mock5-q32,mock6-q19,same-topic,0.086
mock5-q33,mock5-q22,same-topic,0.104
mock5-q33,mock6-q21,same-topic,0.081
mock5-q34,ml-40,prerequisite,0.378
mock5-q34,ml-7,same-topic,0.093
mock5-q34,mock5-q30,same-topic,0.122
mock5-q35,mock5-q21,same-topic,0.12
mock5-q35,mock6-q9,same-topic,0.114
mock5-q36,mock4-q65,same-topic,0.112
mock5-q36,mock5-q42,same-topic,0.082
mock5-q37,mock4-q58,same-topic,0.125
mock5-q37,mock5-q51,same-topic,0.102
mock5-q38,mock4-q54,same-topic,0.104
mock5-q38,mock5-q45,same-topic,0.104
mock5-q39,mock4-q45,same-topic,0.117
mock5-q39,mock6-q49,same-topic,0.115
mock5-q4,mock5-q3,same-topic,0.126
mock5-q4,mock5-q6,same-topic,0.115
mock5-q40,dbms-37,cross-domain,0.634
mock5-q40,mock2-q49,cross-domain,0.53
mock5-q40,mock3-q57,cross-domain,0.702
mock5-q40,mock4-q59,same-topic,0.119
mock5-q40,mock5-q51,cross-domain,0.637
mock5-q40,mock5-q53,same-topic,0.12
mock5-q41,mock4-q55,same-topic,0.131
mock5-q41,mock5-q59,same-topic,0.082
mock5-q42,mock5-q36,same-topic,0.136
mock5-q42,mock5-q50,same-topic,0.096
mock5-q43,mock3-q64,same-topic,0.127
mock5-q43,mock5-q56,same-topic,0.118
mock5-q44,ml-48,same-topic,0.15
mock5-q44,mock5-q55,same-topic,0.109
mock5-q45,ai-17,cross-domain,0.49
mock5-q45,co-57,cross-domain,0.688
mock5-q45,dsa-6,cross-domain,0.572
mock5-q45,la-15,cross-domain,0.476
mock5-q45,mock3-q2,cross-domain,0.61
mock5-q45,mock3-q32,cross-domain,0.674
mock5-q45,mock5-q38,same-topic,0.13
mock5-q45,mock5-q46,same-topic,0.08
mock5-q46,mock5-q45,same-topic,0.104
mock5-q46,mock5-q47,same-topic,0.094
mock5-q47,mock5-q46,same-topic,0.109
mock5-q47,mock5-q52,same-topic,0.119
mock5-q48,mock4-q41,same-topic,0.106
mock5-q48,mock5-q61,same-topic,0.104
mock5-q49,mock3-q41,same-topic,0.138
mock5-q49,mock7-q36,same-topic,0.083
mock5-q5,mock3-q10,same-topic,0.117
mock5-q5,mock6-q7,same-topic,0.119
mock5-q50,mock5-q42,same-topic,0.12
mock5-q50,mock5-q57,same-topic,0.08
mock5-q51,co-45,cross-domain,0.703
mock5-q51,dbms-37,cross-domain,0.673
mock5-q51,mock2-q29,cross-domain,0.641
mock5-q51,mock2-q49,cross-domain,0.721
mock5-q51,mock3-q57,cross-domain,0.744
mock5-q51,mock5-q37,same-topic,0.107
mock5-q51,mock5-q40,cross-domain,0.545
mock5-q51,mock5-q65,same-topic,0.119
mock5-q52,mock5-q47,same-topic,0.101
mock5-q52,mock5-q54,same-topic,0.093
mock5-q53,mock5-q40,same-topic,0.119
mock5-q53,mock6-q56,same-topic,0.113
mock5-q54,mock5-q52,same-topic,0.107
mock5-q54,mock5-q62,same-topic,0.082
mock5-q55,mock5-q44,same-topic,0.128
mock5-q55,mock5-q60,same-topic,0.118
mock5-q56,mock5-q43,same-topic,0.137
mock5-q56,mock6-q38,same-topic,0.088
mock5-q57,mock5-q50,same-topic,0.13
mock5-q57,mock5-q58,same-topic,0.119
mock5-q58,mock5-q57,same-topic,0.1
mock5-q58,mock5-q64,same-topic,0.082
mock5-q59,mock5-q41,same-topic,0.107
mock5-q59,mock6-q59,same-topic,0.081
mock5-q6,ai-46,cross-domain,0.612
mock5-q6,co-53,cross-domain,0.7
mock5-q6,dbms-9,cross-domain,0.455
mock5-q6,la-17,cross-domain,0.711
mock5-q6,mock2-q37,cross-domain,0.652
mock5-q6,mock4-q18,cross-domain,0.667
mock5-q6,mock5-q4,same-topic,0.102
mock5-q6,mock5-q8,same-topic,0.099
mock5-q6,mock6-q31,cross-domain,0.786
mock5-q60,mock5-q55,same-topic,0.131
mock5-q60,mock6-q65,same-topic,0.095
mock5-q61,mock5-q48,same-topic,0.121
mock5-q61,mock7-q38,same-topic,0.096
mock5-q62,mock5-q54,same-topic,0.131
mock5-q62,mock6-q39,same-topic,0.116
mock5-q63,dsa-66,same-topic,0.139
mock5-q64,ai-43,cross-domain,0.757
mock5-q64,co-30,cross-domain,0.595
mock5-q64,dbms-4,cross-domain,0.472
mock5-q64,la-7,cross-domain,0.56
mock5-q64,mock5-q58,same-topic,0.117
mock5-q64,mock6-q17,cross-domain,0.728
mock5-q64,mock6-q61,same-topic,0.101
mock5-q65,mock5-q51,same-topic,0.125
mock5-q65,mock6-q54,same-topic,0.093
mock5-q7,mock2-q9,prerequisite,0.311
mock5-q7,mock4-q9,same-topic,0.119
mock5-q7,mock6-q10,same-topic,0.085
mock5-q8,mock5-q6,same-topic,0.129
mock5-q8,mock6-q4,same-topic,0.085
mock5-q9,mock5-q2,same-topic,0.12
mock5-q9,mock6-q1,same-topic,0.083
mock6-q1,mock5-q9,same-topic,0.129
mock6-q1,mock6-q2,same-topic,0.084
mock6-q10,mock3-q9,prerequisite,0.267
mock6-q10,mock5-q7,same-topic,0.125
mock6-q10,mock7-q10,same-topic,0.092
mock6-q11,la-45,prerequisite,0.299
mock6-q11,mock5-q11,same-topic,0.134
mock6-q11,mock6-q12,same-topic,0.096
mock6-q12,mock5-q28,prerequisite,0.296
mock6-q12,mock6-q11,same-topic,0.1
mock6-q12,mock7-q11,same-topic,0.081
mock6-q13,mock6-q15,same-topic,0.107
mock6-q13,mock6-q9,same-topic,0.13
mock6-q14,mock5-q29,same-topic,0.12
mock6-q14,mock6-q24,same-topic,0.086
mock6-q15,mock6-q13,same-topic,0.117
mock6-q15,mock6-q27,same-topic,0.115
mock6-q16,mock5-q31,same-topic,0.126
mock6-q16,mock6-q17,same-topic,0.096
mock6-q17,ai-43,cross-domain,0.645
mock6-q17,dbms-4,cross-domain,0.615
mock6-q17,la-7,cross-domain,0.597
mock6-q17,mock5-q29,cross-domain,0.744
mock6-q17,mock6-q16,same-topic,0.132
mock6-q17,mock6-q18,same-topic,0.094
mock6-q18,ai-15,cross-domain,0.472
mock6-q18,dbms-6,cross-domain,0.689
mock6-q18,mock2-q50,cross-domain,0.641
mock6-q18,mock6-q17,same-topic,0.132
mock6-q18,mock6-q30,cross-domain,0.798
mock6-q18,mock6-q6,cross-domain,0.635
mock6-q18,mock7-q16,same-topic,0.119
mock6-q18,ps-43,cross-domain,0.671
mock6-q19,dsa-29,prerequisite,0.34
mock6-q19,mock5-q32,same-topic,0.121
mock6-q19,mock7-q19,same-topic,0.103
mock6-q2,mock6-q1,same-topic,0.137
mock6-q2,mock6-q3,same-topic,0.111
mock6-q20,dbms-11,prerequisite,0.383
mock6-q20,mock5-q26,same-topic,0.101
mock6-q20,mock6-q26,same-topic,0.115
mock6-q21,mock5-q33,same-topic,0.139
mock6-q21,mock6-q22,same-topic,0.088
mock6-q22,mock6-q21,same-topic,0.117
mock6-q22,mock6-q28,same-topic,0.097
mock6-q23,la-13,prerequisite,0.372
mock6-q23,mock5-q18,same-topic,0.107
mock6-q23,mock6-q30,same-topic,0.085
mock6-q24,mock6-q14,same-topic,0.134
mock6-q24,mock7-q14,same-topic,0.101
mock6-q25,mock5-q25,same-topic,0.11
mock6-q25,mock6-q29,same-topic,0.101
mock6-q26,dbms-12,prerequisite,0.379
mock6-q26,mock6-q20,same-topic,0.133
mock6-q26,mock7-q20,same-topic,0.119
mock6-q27,mock6-q15,same-topic,0.125
mock6-q27,mock7-q9,same-topic,0.112
mock6-q28,ai-38,cross-domain,0.639
mock6-q28,co-37,cross-domain,0.546
mock6-q28,dsa-64,cross-domain,0.536
mock6-q28,la-43,cross-domain,0.607
mock6-q28,mock2-q38,cross-domain,0.592
mock6-q28,mock6-q22,same-topic,0.108
mock6-q28,mock7-q21,same-topic,0.11
mock6-q28,ps-5,cross-domain,0.681
mock6-q29,mock6-q25,same-topic,0.139
mock6-q29,mock7-q25,same-topic,0.104
mock6-q3,ai-10,cross-domain,0.477
mock6-q3,co-24,cross-domain,0.651
mock6-q3,dbms-10,cross-domain,0.454
mock6-q3,dsa-38,cross-domain,0.692
mock6-q3,la-13,cross-domain,0.571
mock6-q3,ml-msq-1,cross-domain,0.694
mock6-q3,mock6-q2,same-topic,0.112
mock6-q3,mock7-q1,same-topic,0.097
mock6-q3,ps-40,cross-domain,0.7
mock6-q30,ai-15,cross-domain,0.765
mock6-q30,dbms-6,cross-domain,0.617
mock6-q30,la-14,prerequisite,0.235
mock6-q30,ml-45,cross-domain,0.69
mock6-q30,mock2-q50,cross-domain,0.593
mock6-q30,mock6-q18,cross-domain,0.514
mock6-q30,mock6-q23,same-topic,0.114
mock6-q30,mock6-q6,cross-domain,0.683
mock6-q30,mock7-q23,same-topic,0.119
mock6-q31,ai-46,cross-domain,0.682
mock6-q31,co-53,cross-domain,0.792
mock6-q31,dbms-9,cross-domain,0.732
mock6-q31,la-17,cross-domain,0.787
mock6-q31,mock2-q37,cross-domain,0.712
mock6-q31,mock4-q18,cross-domain,0.621
mock6-q31,mock4-q30,same-topic,0.114
mock6-q31,mock5-q6,cross-domain,0.75
mock6-q31,mock7-q31,same-topic,0.093
mock6-q32,mock4-q35,same-topic,0.112
mock6-q32,mock7-q32,same-topic,0.119
mock6-q33,dsa-5,same-topic,0.083
mock6-q33,mock4-q22,same-topic,0.107
mock6-q34,dbms-42,same-topic,0.141
mock6-q34,mock7-q34,same-topic,0.096
mock6-q35,ml-31,same-topic,0.093
mock6-q35,mock2-q28,same-topic,0.106
mock6-q36,mock4-q39,same-topic,0.126
mock6-q36,mock6-q40,same-topic,0.083
mock6-q37,adaptive-hard-la-1,same-topic,0.139
mock6-q37,la-msq-1,same-topic,0.145
mock6-q38,mock5-q56,same-topic,0.121
mock6-q38,mock7-q39,same-topic,0.105
mock6-q39,mock5-q62,same-topic,0.116
mock6-q39,mock6-q41,same-topic,0.094
mock6-q4,mock5-q8,same-topic,0.13
mock6-q4,mock6-q5,same-topic,0.095
mock6-q40,mock6-q36,same-topic,0.129
mock6-q40,mock6-q48,same-topic,0.114
mock6-q41,mock6-q39,same-topic,0.113
mock6-q41,mock6-q42,same-topic,0.115
mock6-q42,mock6-q41,same-topic,0.114
mock6-q42,mock6-q43,same-topic,0.094
mock6-q43,mock6-q42,same-topic,0.118
mock6-q43,mock6-q44,same-topic,0.085
mock6-q44,mock6-q43,same-topic,0.138
mock6-q44,mock6-q45,same-topic,0.113
mock6-q45,mock6-q44,same-topic,0.137
mock6-q45,mock6-q46,same-topic,0.102
mock6-q46,mock6-q45,same-topic,0.104
mock6-q46,mock6-q47,same-topic,0.099
mock6-q47,mock6-q46,same-topic,0.126
mock6-q47,mock6-q50,same-topic,0.09
mock6-q48,mock6-q40,same-topic,0.121
mock6-q48,mock6-q52,same-topic,0.111
mock6-q49,mock5-q39,same-topic,0.113
mock6-q49,mock7-q49,same-topic,0.111
mock6-q5,mock6-q4,same-topic,0.117
mock6-q5,mock7-q4,same-topic,0.089
mock6-q50,mock6-q47,same-topic,0.12
mock6-q50,mock6-q55,same-topic,0.103
mock6-q51,mock3-q62,same-topic,0.103
mock6-q51,mock7-q51,same-topic,0.11
mock6-q52,mock6-q48,same-topic,0.121
mock6-q52,mock6-q60,same-topic,0.096
mock6-q53,mock3-q40,same-topic,0.135
mock6-q53,mock7-q53,same-topic,0.116
mock6-q54,mock5-q65,same-topic,0.107
mock6-q54,mock6-q62,same-topic,0.098
mock6-q55,mock6-q50,same-topic,0.116
mock6-q55,mock6-q57,same-topic,0.097
mock6-q56,mock5-q53,same-topic,0.106
mock6-q56,mock7-q56,same-topic,0.111
mock6-q57,mock6-q55,same-topic,0.101
mock6-q57,mock6-q58,same-topic,0.093
mock6-q58,mock6-q57,same-topic,0.112
mock6-q58,mock7-q41,same-topic,0.11
mock6-q59,mock5-q59,same-topic,0.103
mock6-q59,mock7-q59,same-topic,0.103
mock6-q6,ai-15,cross-domain,0.526
mock6-q6,dbms-6,cross-domain,0.723
mock6-q6,ml-45,cross-domain,0.508
mock6-q6,mock2-q50,cross-domain,0.615
mock6-q6,mock5-q10,same-topic,0.126
mock6-q6,mock6-q18,cross-domain,0.739
mock6-q6,mock6-q30,cross-domain,0.687
mock6-q6,mock6-q8,same-topic,0.083
mock6-q6,ps-43,cross-domain,0.586
mock6-q60,mock6-q52,same-topic,0.108
mock6-q60,mock7-q40,same-topic,0.107
mock6-q61,mock5-q64,same-topic,0.136
mock6-q61,mock6-q63,same-topic,0.104
mock6-q62,mock6-q54,same-topic,0.117
mock6-q62,mock7-q54,same-topic,0.096
mock6-q63,mock6-q61,same-topic,0.114
mock6-q63,mock6-q64,same-topic,0.097
mock6-q64,mock6-q63,same-topic,0.129
mock6-q64,mock7-q61,same-topic,0.094
mock6-q65,mock5-q60,same-topic,0.134
mock6-q65,mock7-q65,same-topic,0.094
mock6-q7,ai-38,cross-domain,0.655
mock6-q7,co-37,cross-domain,0.585
mock6-q7,dsa-64,cross-domain,0.493
mock6-q7,la-43,cross-domain,0.779
mock6-q7,mock2-q38,cross-domain,0.694
mock6-q7,mock5-q5,same-topic,0.108
mock6-q7,mock6-q28,cross-domain,0.676
mock6-q7,mock7-q7,same-topic,0.081
mock6-q7,ps-5,cross-domain,0.532
mock6-q8,mock6-q6,same-topic,0.116
mock6-q8,mock7-q6,same-topic,0.115
mock6-q9,mock5-q35,same-topic,0.135
mock6-q9,mock6-q13,same-topic,0.106
mock7-q1,mock6-q3,same-topic,0.119
mock7-q1,mock7-q2,same-topic,0.081
mock7-q10,mock2-q10,same-topic,0.112
mock7-q10,mock6-q10,same-topic,0.139
mock7-q11,la-nat-1,prerequisite,0.278
mock7-q11,mock6-q12,same-topic,0.137
mock7-q11,mock7-q12,same-topic,0.108
mock7-q12,la-35,same-topic,0.122
mock7-q12,mock7-q11,same-topic,0.125
mock7-q13,mock7-q15,same-topic,0.094
mock7-q13,mock7-q9,same-topic,0.109
mock7-q14,mock6-q24,same-topic,0.132
mock7-q14,mock7-q24,same-topic,0.087
mock7-q15,mock7-q13,same-topic,0.101
mock7-q15,mock7-q27,same-topic,0.114
mock7-q16,mock6-q18,same-topic,0.136
mock7-q16,mock7-q17,same-topic,0.085
mock7-q17,mock7-q16,same-topic,0.105
mock7-q17,mock7-q18,same-topic,0.106
mock7-q18,mock7-q17,same-topic,0.138
mock7-q18,mock7-q33,same-topic,0.109
mock7-q19,dsa-27,same-topic,0.082
mock7-q19,dsa-30,prerequisite,0.402
mock7-q19,mock6-q19,same-topic,0.102
mock7-q2,co-19,cross-domain,0.665
mock7-q2,dsa-3,cross-domain,0.472
mock7-q2,la-29,cross-domain,0.792
mock7-q2,mock2-q28,cross-domain,0.698
mock7-q2,mock2-q3,cross-domain,0.479
mock7-q2,mock2-q54,cross-domain,0.459
mock7-q2,mock3-q36,cross-domain,0.477
mock7-q2,mock7-q1,same-topic,0.114
mock7-q2,mock7-q3,same-topic,0.082
mock7-q20,mock6-q26,same-topic,0.137
mock7-q20,mock7-q26,same-topic,0.109
mock7-q21,mock6-q28,same-topic,0.133
mock7-q21,mock7-q22,same-topic,0.083
mock7-q22,mock7-q21,same-topic,0.105
mock7-q22,mock7-q28,same-topic,0.097
mock7-q23,la-17,prerequisite,0.306
mock7-q23,mock6-q30,same-topic,0.139
mock7-q23,mock7-q30,same-topic,0.107
mock7-q24,mock7-q14,same-topic,0.128
mock7-q24,ps-31,same-topic,0.103
mock7-q25,mock6-q29,same-topic,0.137
mock7-q25,mock7-q29,same-topic,0.113
mock7-q26,dbms-3,same-topic,0.098
mock7-q26,mock7-q20,same-topic,0.139
mock7-q27,mock7-q15,same-topic,0.136
mock7-q27,ps-11,same-topic,0.097
mock7-q28,mock7-q22,same-topic,0.101
mock7-q28,mock7-q35,same-topic,0.083
mock7-q29,dsa-48,same-topic,0.117
mock7-q29,mock7-q25,same-topic,0.132
mock7-q3,mock4-q5,same-topic,0.134
mock7-q3,mock7-q2,same-topic,0.111
mock7-q30,la-1,same-topic,0.107
mock7-q30,la-18,prerequisite,0.298
mock7-q30,mock7-q23,same-topic,0.101
mock7-q31,mock6-q31,same-topic,0.102
mock7-q31,ps-48,same-topic,0.082
mock7-q32,ml-12,same-topic,0.093
mock7-q32,mock6-q32,same-topic,0.132
mock7-q33,dsa-50,same-topic,0.081
mock7-q33,mock7-q18,same-topic,0.101
mock7-q34,dbms-4,same-topic,0.083
mock7-q34,mock6-q34,same-topic,0.113
mock7-q35,ml-6,same-topic,0.088
mock7-q35,mock7-q28,same-topic,0.139
mock7-q36,la-nat-2,same-topic,0.121
mock7-q36,mock5-q49,same-topic,0.106
mock7-q37,co-51,same-topic,0.101
mock7-q37,co-64,same-topic,0.149
mock7-q38,mock5-q61,same-topic,0.101
mock7-q38,ps-17,same-topic,0.099
mock7-q39,mock6-q38,same-topic,0.123
mock7-q39,ps-60,same-topic,0.131
mock7-q4,mock6-q5,same-topic,0.106
mock7-q4,mock7-q5,same-topic,0.107
mock7-q40,mock6-q60,same-topic,0.101
mock7-q40,mock7-q48,same-topic,0.096
mock7-q41,mock6-q58,same-topic,0.112
mock7-q41,mock7-q42,same-topic,0.104
mock7-q42,mock7-q41,same-topic,0.116
mock7-q42,mock7-q43,same-topic,0.111
mock7-q43,mock7-q42,same-topic,0.128
mock7-q43,mock7-q44,same-topic,0.093
mock7-q44,mock7-q43,same-topic,0.135
mock7-q44,mock7-q45,same-topic,0.098
mock7-q45,mock7-q44,same-topic,0.118
mock7-q45,mock7-q46,same-topic,0.119
mock7-q46,mock7-q45,same-topic,0.115
mock7-q46,mock7-q47,same-topic,0.097
mock7-q47,mock7-q46,same-topic,0.138
mock7-q47,mock7-q50,same-topic,0.115
mock7-q48,mock7-q40,same-topic,0.104
mock7-q48,mock7-q52,same-topic,0.095
mock7-q49,ml-44,same-topic,0.1
mock7-q49,mock6-q49,same-topic,0.133
mock7-q5,mock4-q4,same-topic,0.126
mock7-q5,mock7-q4,same-topic,0.118
mock7-q50,mock7-q47,same-topic,0.134
mock7-q50,mock7-q55,same-topic,0.107
mock7-q51,ml-55,same-topic,0.103
mock7-q51,mock6-q51,same-topic,0.133
mock7-q52,mock7-q48,same-topic,0.102
mock7-q52,mock7-q60,same-topic,0.113
mock7-q53,mock3-q12,same-topic,0.116
mock7-q53,mock6-q53,same-topic,0.125
mock7-q54,ai-17,cross-domain,0.497
mock7-q54,co-57,cross-domain,0.748
mock7-q54,dsa-6,cross-domain,0.538
mock7-q54,la-15,cross-domain,0.601
mock7-q54,mock3-q2,cross-domain,0.671
mock7-q54,mock3-q32,cross-domain,0.674
mock7-q54,mock5-q45,cross-domain,0.515
mock7-q54,mock6-q62,same-topic,0.139
mock7-q54,mock7-q62,same-topic,0.094
mock7-q55,mock7-q50,same-topic,0.121
mock7-q55,mock7-q57,same-topic,0.087
mock7-q56,dsa-53,same-topic,0.098
mock7-q56,mock6-q56,same-topic,0.103
mock7-q57,mock7-q55,same-topic,0.112
mock7-q57,mock7-q58,same-topic,0.098
mock7-q58,ml-21,same-topic,0.124
mock7-q58,mock7-q57,same-topic,0.133
mock7-q59,mock6-q59,same-topic,0.103
mock7-q6,mock6-q8,same-topic,0.14
mock7-q6,mock7-q8,same-topic,0.084
mock7-q60,ml-51,same-topic,0.1
mock7-q60,mock7-q52,same-topic,0.101
mock7-q61,mock6-q64,same-topic,0.107
mock7-q61,mock7-q63,same-topic,0.103
mock7-q62,mock4-q64,same-topic,0.158
mock7-q62,mock7-q54,same-topic,0.103
mock7-q63,mock7-q61,same-topic,0.113
mock7-q63,mock7-q64,same-topic,0.116
mock7-q64,mock7-q63,same-topic,0.118
mock7-q65,mock6-q65,same-topic,0.113
mock7-q7,mock2-q9,same-topic,0.128
mock7-q7,mock6-q7,same-topic,0.115
mock7-q8,mock7-q6,same-topic,0.115
mock7-q9,mock6-q27,same-topic,0.119
mock7-q9,mock7-q13,same-topic,0.114
ps-1,mock2-q40,same-topic,0.132
ps-1,ps-27,same-topic,0.125
ps-10,ps-20,same-topic,0.118
ps-10,ps-9,same-topic,0.129
ps-11,mock7-q27,same-topic,0.113
ps-11,ps-12,same-topic,0.116
ps-12,ps-11,same-topic,0.135
ps-12,ps-16,same-topic,0.111
ps-13,ps-14,same-topic,0.106
ps-13,ps-2,same-topic,0.119
ps-14,ps-13,same-topic,0.12
ps-14,ps-15,same-topic,0.113
ps-15,ps-14,same-topic,0.102
ps-15,ps-18,same-topic,0.089
ps-16,ps-12,same-topic,0.118
ps-16,ps-27,same-topic,0.101
ps-17,mock7-q38,same-topic,0.128
ps-17,ps-19,same-topic,0.106
ps-18,ps-15,same-topic,0.124
ps-18,ps-23,same-topic,0.099
ps-19,ps-17,same-topic,0.128
ps-19,ps-22,same-topic,0.084
ps-2,ps-13,same-topic,0.099
ps-2,ps-21,same-topic,0.13
ps-20,ps-10,same-topic,0.124
ps-20,ps-21,same-topic,0.113
ps-21,ps-2,same-topic,0.119
ps-21,ps-20,same-topic,0.109
ps-22,ps-19,same-topic,0.107
ps-22,ps-26,same-topic,0.119
ps-23,ps-18,same-topic,0.135
ps-23,ps-24,same-topic,0.118
ps-24,ps-23,same-topic,0.131
ps-24,ps-25,same-topic,0.099
ps-25,mock2-q7,same-topic,0.128
ps-25,ps-24,same-topic,0.126
ps-26,mock4-q50,same-topic,0.133
ps-26,ps-22,same-topic,0.101
ps-27,ps-1,same-topic,0.098
ps-27,ps-16,same-topic,0.111
ps-28,ps-29,same-topic,0.082
ps-28,ps-6,same-topic,0.133
ps-29,ps-28,same-topic,0.114
ps-29,ps-36,same-topic,0.081
ps-3,mock2-q27,same-topic,0.104
ps-3,ps-41,same-topic,0.13
ps-30,ps-39,same-topic,0.107
ps-30,ps-msq-1,same-topic,0.125
ps-31,mock7-q24,same-topic,0.121
ps-31,ps-32,same-topic,0.1
ps-32,ps-31,same-topic,0.131
ps-32,ps-nat-1,same-topic,0.103
ps-33,ps-3,prerequisite,0.426
ps-33,ps-34,same-topic,0.119
ps-33,ps-7,prerequisite,0.465
ps-34,ps-33,same-topic,0.119
ps-34,ps-35,same-topic,0.086
ps-34,ps-53,prerequisite,0.469
ps-34,ps-nat-1,prerequisite,0.374
ps-35,mock2-q26,prerequisite,0.304
ps-35,ps-34,same-topic,0.139
ps-35,ps-40,same-topic,0.093
ps-35,ps-58,prerequisite,0.456
ps-36,ps-29,same-topic,0.135
ps-36,ps-37,same-topic,0.104
ps-37,ps-36,same-topic,0.106
ps-37,ps-38,same-topic,0.115
ps-38,ps-37,same-topic,0.105
ps-38,ps-44,same-topic,0.101
ps-39,ps-30,same-topic,0.117
ps-39,ps-42,same-topic,0.081
ps-4,mock4-q30,same-topic,0.134
ps-4,ps-61,same-topic,0.126
ps-40,ai-10,cross-domain,0.636
ps-40,co-24,cross-domain,0.663
ps-40,dbms-10,cross-domain,0.636
ps-40,dsa-38,cross-domain,0.602
ps-40,la-13,cross-domain,0.65
ps-40,ml-msq-1,cross-domain,0.697
ps-40,mock4-q23,prerequisite,0.397
ps-40,ps-35,same-topic,0.114
ps-40,ps-41,same-topic,0.084
ps-40,ps-61,prerequisite,0.441
ps-41,ps-3,same-topic,0.091
ps-41,ps-4,prerequisite,0.517
ps-41,ps-40,same-topic,0.125
ps-41,ps-6,prerequisite,0.38
ps-42,ps-39,same-topic,0.104
ps-42,ps-43,same-topic,0.088
ps-43,ai-15,cross-domain,0.48
ps-43,dbms-6,cross-domain,0.795
ps-43,ml-45,cross-domain,0.613
ps-43,mock2-q50,cross-domain,0.668
ps-43,mock6-q18,cross-domain,0.567
ps-43,mock6-q30,cross-domain,0.605
ps-43,ps-42,same-topic,0.131
ps-43,ps-45,same-topic,0.108
ps-44,ps-38,same-topic,0.101
ps-44,ps-47,same-topic,0.094
ps-45,ps-43,same-topic,0.115
ps-45,ps-46,same-topic,0.084
ps-46,mock3-q26,same-topic,0.098
ps-46,ps-45,same-topic,0.138
ps-47,ps-44,same-topic,0.127
ps-47,ps-msq-1,same-topic,0.112
ps-48,mock7-q31,same-topic,0.14
ps-48,ps-50,same-topic,0.116
ps-49,ps-51,same-topic,0.116
ps-49,ps-62,same-topic,0.14
ps-5,ai-38,cross-domain,0.489
ps-5,co-37,cross-domain,0.54
ps-5,dsa-64,cross-domain,0.729
ps-5,la-43,cross-domain,0.646
ps-5,mock2-q3,same-topic,0.103
ps-5,mock2-q38,cross-domain,0.6
ps-5,mock6-q28,cross-domain,0.756
ps-5,mock6-q7,cross-domain,0.675
ps-5,ps-1,prerequisite,0.366
ps-5,ps-33,prerequisite,0.319
ps-50,ps-48,same-topic,0.111
ps-50,ps-54,same-topic,0.082
ps-51,ps-49,same-topic,0.124
ps-51,ps-52,same-topic,0.107
ps-52,ps-51,same-topic,0.103
ps-52,ps-57,same-topic,0.081
ps-53,mock4-q30,prerequisite,0.304
ps-53,ps-58,same-topic,0.117
ps-53,ps-7,same-topic,0.123
ps-54,ps-50,same-topic,0.105
ps-54,ps-55,same-topic,0.095
ps-55,ps-54,same-topic,0.13
ps-55,ps-56,same-topic,0.114
ps-56,ps-55,same-topic,0.123
ps-56,ps-59,same-topic,0.088
ps-57,ps-52,same-topic,0.113
ps-57,ps-63,same-topic,0.103
ps-58,mock6-q31,prerequisite,0.357
ps-58,ps-53,same-topic,0.129
ps-58,ps-61,same-topic,0.088
ps-59,ps-56,same-topic,0.138
ps-59,ps-62,same-topic,0.114
ps-6,mock4-q23,same-topic,0.131
ps-6,ps-28,same-topic,0.113
ps-60,mock7-q39,same-topic,0.144
ps-60,ps-65,same-topic,0.089
ps-61,mock7-q31,prerequisite,0.39
ps-61,ps-4,same-topic,0.103
ps-61,ps-58,same-topic,0.114
ps-62,ps-49,same-topic,0.098
ps-62,ps-59,same-topic,0.131
ps-63,ps-57,same-topic,0.135
ps-63,ps-64,same-topic,0.086
ps-64,ps-63,same-topic,0.111
ps-64,ps-66,same-topic,0.107
ps-65,adaptive-mix-hard-1,same-topic,0.128
ps-65,ps-60,same-topic,0.135
ps-66,mock3-q64,same-topic,0.117
ps-66,ps-64,same-topic,0.134
ps-7,ps-4,prerequisite,0.37
ps-7,ps-53,same-topic,0.103
ps-8,mock3-q12,same-topic,0.137
ps-8,ps-9,same-topic,0.118
ps-9,ps-10,same-topic,0.087
ps-9,ps-8,same-topic,0.127
ps-msq-1,ps-30,same-topic,0.122
ps-msq-1,ps-47,same-topic,0.107
ps-nat-1,mock4-q37,same-topic,0.131
ps-nat-1,ps-32,same-topic,0.117
